CO_CNES;CO_UNIDADE;CO_UF;CO_IBGE;NU_CNPJ_MANTENEDORA;NO_RAZAO_SOCIAL;NO_FANTASIA;CO_NATUREZA_ORGANIZACAO;DS_NATUREZA_ORGANIZACAO;TP_GESTAO;CO_NIVEL_HIERARQUIA;DS_NIVEL_HIERARQUIA;CO_ESFERA_ADMINISTRATIVA;DS_ESFERA_ADMINISTRATIVA;CO_ATIVIDADE;TP_UNIDADE;CO_CEP;NO_LOGRADOURO;NU_ENDERECO;NO_BAIRRO;NU_TELEFONE;NU_LATITUDE;NU_LONGITUDE;CO_TURNO_ATENDIMENTO;DS_TURNO_ATENDIMENTO;NU_CNPJ;NO_EMAIL;CO_NATUREZA_JUR;ST_CENTRO_CIRURGICO;ST_CENTRO_OBSTETRICO;ST_CENTRO_NEONATAL;ST_ATEND_HOSPITALAR;ST_SERVICO_APOIO;ST_ATEND_AMBULATORIAL;CO_MOTIVO_DESAB;CO_AMBULATORIAL_SUS
2828;2800300002828;28;280030;;UNIDADE MEDICA HOSPITALAR SANTO ANTONIO LTDA;CLINICA E HOSPITAL SANTO ANTONIO COT;;;M;;;M ;MUNICIPAL;4;62;49035660;AV DESEMBARGADOR MAYNARD;221;CIRURGIA;(79)32145186;;;3.0;ATENDIMENTOS NOS TURNOS DA MANHA E A TARDE;13165899000144.0;chsa@infonet.com.br;2000.0;1.0;0.0;0.0;1.0;1.0;1.0;4.0;NAO
3026;2800300003026;28;280030;11718406000120.0;SECRETARIA MUNICIPAL DE SAUDE DE ARACAJU;US DA EMSURB;;;M;;;M ;MUNICIPAL;4;1;49035000;RUA ACRE;S/N;SIQUEIRA CAMPOS;(79)2592485;;;2.0;ATENDIMENTO SOMENTE A TARDE;;saude@aracaju.se.gov.br;1201.0;0.0;0.0;0.0;0.0;1.0;0.0;8.0;NAO
3255;2800300003255;28;280030;;UNIDADE LABORATORIAL DE ANALISES BIOMEDICAS LTDA;UNILAB;;;M;;;M ;MUNICIPAL;4;4;49010160;RUA MARUIM;463;CENTRO;(79)2142991;;;3.0;ATENDIMENTOS NOS TURNOS DA MANHA E A TARDE;13352950000127.0;unilab@infonet.com.br;2062.0;0.0;0.0;0.0;0.0;1.0;0.0;4.0;NAO
28339;2800300028339;28;280030;11718406000120.0;SECRETARIA MUNICIPAL DE SAUDE DE ARACAJU;SAMU 192 ARACAJU OEK4208;;;M;;;M ;MUNICIPAL;4;42;49075540;RUA PORTO ALEGRE;S/N;SIQUEIRA CAMPOS;(79)31791086;;;6.0;ATENDIMENTO CONTINUO DE 24 HORAS/DIA (PLANTAO:INCLUI SABADOS, DOMINGOS E FERIADOS);;saude@aracaju.se.gov.br;1201.0;;;;;1.0;0.0;8.0;NAO
2420066;2804402420066;28;280440;13111679000138.0;PREFEITURA MUNICIPAL DE NEOPOLIS;UNIDADE DE SAUDE DA FAMILIA DO POV FLOR DO BREJO;;;D;;;D ;DUPLA;4;2;49980000;POVOADO FLOR DO BREJO;S/N;POV FLOR DO BREJO;(79)3441277;;;3.0;ATENDIMENTOS NOS TURNOS DA MANHA E A TARDE;;valdojunior@infonet.com.br;1000.0;0.0;0.0;0.0;0.0;0.0;0.0;3.0;NAO
2420155;2800102420155;28;280010;13110564000129.0;PREFEITURA MUNICIPAL DE AMPARO DE SAO FRANCISCO;POSTO DE SAUDE DA FAMILIA DE AMPARO;;;M;;;M ;MUNICIPAL;4;1;49920000;RUA DEP MARTINHO GUIMARAES;S/N;CENTRO;(79) 3611077;;;3.0;ATENDIMENTOS NOS TURNOS DA MANHA E A TARDE;;;1244.0;0.0;0.0;0.0;0.0;0.0;0.0;10.0;SIM
2420163;2800102420163;28;280010;13110564000129.0;PREFEITURA MUNICIPAL DE AMPARO DE SAO FRANCISCO;PS DE AMPARO;;;M;;;M ;MUNICIPAL;4;1;49920000;ROD PEDRO DE MEDEIRO CHAVES;80;CENTRO;(79)3611077;;;3.0;ATENDIMENTOS NOS TURNOS DA MANHA E A TARDE;;;1031.0;0.0;0.0;0.0;0.0;1.0;0.0;4.0;NAO
2420252;2804702420252;28;280470;;SINDICATO DOS TRABALHADORES RURAIS DE NSRA DE LOUDES;SINDICATO DOS TRABALHADORES RURAIS DE N SRA DE LOURDES;;;E;;;E ;ESTADUAL;4;2;49890000;RUA DA QUADRA;43;CENTRO;(79)316 1001;;;3.0;ATENDIMENTOS NOS TURNOS DA MANHA E A TARDE;13178512000194.0;;3131.0;0.0;0.0;0.0;0.0;1.0;0.0;8.0;NAO
2420341;2805502420341;28;280550;13106935000107.0;PREFEITURA MUNICIPAL DE POCO VERDE;USF RIO REAL;;;M;;;M ;MUNICIPAL;4;2;49490000;RUA GABRIEL BENEVIDES DO ROSARIO;S/N;NACAO;;;;3.0;ATENDIMENTOS NOS TURNOS DA MANHA E A TARDE;;;1244.0;0.0;0.0;0.0;0.0;1.0;0.0;8.0;SIM
2420503;2803502420503;28;280350;5000601000118.0;SECRETARIA MUNICIPAL DE SAUDE DE LAGARTO;P S POVOADO OITEIROS;;;M;;;M ;MUNICIPAL;4;1;49400000;POVOADO OITEIROS;87;ZONA RURAL;;;;3.0;ATENDIMENTOS NOS TURNOS DA MANHA E A TARDE;;sms@lagartosaude.com.br;1031.0;0.0;0.0;0.0;0.0;0.0;0.0;4.0;NAO
2420562;2803502420562;28;280350;5000601000118.0;SECRETARIA MUNICIPAL DE SAUDE DE LAGARTO;P S POVOADO MARIQUITA;;;M;;;M ;MUNICIPAL;4;2;49400000;POVOADO MARIQUITA;98;ZONA RURAL;;;;3.0;ATENDIMENTOS NOS TURNOS DA MANHA E A TARDE;;sms@lagartosaude.com.br;1031.0;0.0;0.0;0.0;0.0;0.0;0.0;4.0;NAO
2420589;2803502420589;28;280350;5000601000118.0;PREFEITURA MUNICIPAL DE LAGARTO;VIGILANCIA SANITARIA DE LAGARTO;;;M;;;M ;MUNICIPAL;4;50;49400000;AV SANTO ANTONIO;S/N;CENTRO;;;;3.0;ATENDIMENTOS NOS TURNOS DA MANHA E A TARDE;;sms@lagartosaude.com.br;1000.0;;;;;0.0;0.0;4.0;SIM
2420600;2803502420600;28;280350;5000601000118.0;SECRETARIA MUNICIPAL DE SAUDE DE LAGARTO;P S POVOADO LUIZ FREIRE;;;M;;;M ;MUNICIPAL;4;2;49400000;POVOADO LUIZ FREIRE;023;ZONA RURAL;;;;3.0;ATENDIMENTOS NOS TURNOS DA MANHA E A TARDE;;sms@lagartosaude.com.br;1031.0;0.0;0.0;0.0;0.0;0.0;0.0;4.0;NAO
2420627;2803502420627;28;280350;5000601000118.0;SECRETARIA MUNICIPAL DE SAUDE DE LAGARTO;P S POVOADO ACU VELHO;;;M;;;M ;MUNICIPAL;4;2;49400000;POVOADO ACU VELHO;38;ZONA RURAL;;;;3.0;ATENDIMENTOS NOS TURNOS DA MANHA E A TARDE;;sms@lagartosaude.com.br;1000.0;0.0;0.0;0.0;0.0;0.0;0.0;8.0;NAO
2420694;2803502420694;28;280350;;GERALDO E VILMA SERVICOS LTDA;RAYTEC;;;M;;;M ;MUNICIPAL;4;39;49400000;RUA HIPOLITO SANTOS;S/N;CENTRO;;;;3.0;ATENDIMENTOS NOS TURNOS DA MANHA E A TARDE;1871255000192.0;pmlsaude@infonet.com.br;2062.0;0.0;0.0;0.0;0.0;0.0;0.0;4.0;NAO
2420724;2803502420724;28;280350;;FISIOLAC LTDA;FISIOLAC;;;M;;;M ;MUNICIPAL;4;36;49400000;AV FRANCISCO GARCEZ;64;CENTRO;(79)6315987;;;1.0;ATENDIMENTO SOMENTE PELA MANHA;4213408000100.0;;2062.0;0.0;0.0;0.0;0.0;1.0;0.0;8.0;SIM
2420732;2803502420732;28;280350;5000601000118.0;SECRETARIA MUNICIPAL DE SAUDE DE LAGARTO;P S POVOADO MANGABEIRA;;;M;;;M ;MUNICIPAL;4;1;49400000;POVOADO MANGABEIRA;987;ZONA RURAL;;;;3.0;ATENDIMENTOS NOS TURNOS DA MANHA E A TARDE;;sms@lagartosaude.com.br;1031.0;0.0;0.0;0.0;0.0;0.0;0.0;4.0;NAO
2420791;2803502420791;28;280350;5000601000118.0;SECRETARIA MUNICIPAL DE SAUDE DE LAGARTO;P S POVOADO QUILOMBO;;;M;;;M ;MUNICIPAL;4;2;49400000;POVOADO QUILOMBO;S/N;ZONA RURAL;;;;3.0;ATENDIMENTOS NOS TURNOS DA MANHA E A TARDE;;sms@lagartosaude.com.br;1031.0;0.0;0.0;0.0;0.0;0.0;0.0;4.0;NAO
2420899;2805802420899;28;280580;13107180000157.0;PREFEITURA MUNICIPAL DE RIACHAO DO DANTAS;PS POVOADO TANQUE;;;M;;;M ;MUNICIPAL;4;1;49320000;POVOADO TANQUE;S/N;POVOADO TANQUE;(79)6431248;;;3.0;ATENDIMENTOS NOS TURNOS DA MANHA E A TARDE;;smsriachao@yahoo.com.br;1031.0;0.0;0.0;0.0;0.0;0.0;0.0;8.0;NAO
2421011;2804502421011;28;280450;13113626000156.0;PREFEITURA MUNICIPAL DE NOSSA SENHORA DA GLORIA;U S F ERIVALDO ALVES OLIVEIRA;;;M;;;M ;MUNICIPAL;4;2;49680000;AVENIDA OESTE;310;NOVO HORIZONTE;(79) 34111713;;;3.0;ATENDIMENTOS NOS TURNOS DA MANHA E A TARDE;;saudegloria@hotmail.com;1000.0;0.0;0.0;0.0;0.0;1.0;0.0;4.0;SIM
2421054;2804502421054;28;280450;13113626000156.0;PREFEITURA MUNICIPAL DE NOSSA SENHORA DA GLORIA SE;U S F ROSA MARIA DOS SANTOS SOBRINHO;;;M;;;M ;MUNICIPAL;4;2;49680000;PRACA DO MERCADO;S/N;CENTRO;7934113099;;;3.0;ATENDIMENTOS NOS TURNOS DA MANHA E A TARDE;;saudegloria@hotmail.com;1000.0;0.0;0.0;0.0;0.0;1.0;0.0;4.0;SIM
2421097;2804502421097;28;280450;13113626000156.0;PREFEITURA MUNICIPAL DE NOSSA SENHORA DA GLORIA;U S F DE NOVA ESPERANCA;;;M;;;M ;MUNICIPAL;4;2;49680000;BAIRRO NOVA ESPERANCA;S/N;NOVA ESPERANCA;34113099;;;3.0;ATENDIMENTOS NOS TURNOS DA MANHA E A TARDE;;saudegloria@hotmail.com;1000.0;0.0;0.0;0.0;0.0;1.0;0.0;4.0;SIM
2421127;2804502421127;28;280450;13113626000156.0;PREFEITURA MUNICIPAL DE NOSSA SENHORA DA GLORIA;U S F ANTONIO ARAGAO;;;M;;;M ;MUNICIPAL;4;2;49680000;RUA LUIZ JOSE DA SILVA;S/N;BRASILIA;7934113099;;;3.0;ATENDIMENTOS NOS TURNOS DA MANHA E A TARDE;;saudegloria@hotmail.com;1000.0;0.0;0.0;0.0;0.0;1.0;0.0;4.0;SIM
2421151;2804452421151;28;280445;13101308000175.0;PREFEITURA MUNICIPAL DE NOSSA SENHORA APARECIDA;POSTO DE SAUDE POV BOM SUCESSO;;;M;;;M ;MUNICIPAL;4;1;49540000;POVOADO;S/N;POVOADO;(79)4831205;;;3.0;ATENDIMENTOS NOS TURNOS DA MANHA E A TARDE;;pmnsa@infonet.com.br;1244.0;0.0;0.0;0.0;0.0;1.0;0.0;8.0;NAO
2421194;2802402421194;28;280240;13112669000117.0;PREFEITURA MUNICIPAL DE GARARU;POSTO DE SAUDE OITEIRO;;;M;;;M ;MUNICIPAL;4;2;49830000;POVOADO OITEIRO;S/N;POVOADO OITEIRO;(79)3354 1123;;;3.0;ATENDIMENTOS NOS TURNOS DA MANHA E A TARDE;;smsgararu@hotmail.com;1000.0;0.0;0.0;0.0;0.0;1.0;0.0;6.0;NAO
2421224;2802402421224;28;280240;13112669000117.0;PREFEITURA MUN DE GARARU;POSTO DE SAUDE POVOADO LAGOA PRIMEIRA;;;M;;;M ;MUNICIPAL;4;2;49830000;POVOADO LAGOA PRIMEIRA;S/N;POVOADO LAGOA PRIMEI;(79)3354-1123;;;3.0;ATENDIMENTOS NOS TURNOS DA MANHA E A TARDE;;smsgararu@hotmail.com;1000.0;0.0;0.0;0.0;0.0;1.0;0.0;4.0;NAO
2421267;2803002421267;28;280300;13098181000182.0;PREFEITURA MUNICIPAL DE ITABAIANINHA;POSTO SAUDE POV ILHA I;;;M;;;M ;MUNICIPAL;4;2;49290000;POV ILHA;S/N;CENTRO;;;;3.0;ATENDIMENTOS NOS TURNOS DA MANHA E A TARDE;;;1000.0;0.0;0.0;0.0;0.0;1.0;0.0;4.0;NAO
2421496;2806102421496;28;280610;;ASSOCIACAO DE CARIDADE DE ROSARIO DO CATETE;ASSOCIACAO DE CARIDADE DE ROSARIO DO CATETE;;;D;;;D ;DUPLA;4;5;49760000;VILA ASSUNCAO;S/N;CENTRO;3274-1256;;;6.0;ATENDIMENTO CONTINUO DE 24 HORAS/DIA (PLANTAO:INCLUI SABADOS, DOMINGOS E FERIADOS);13360995000143.0;;3000.0;0.0;1.0;0.0;1.0;1.0;1.0;4.0;NAO
2421526;2803302421526;28;280330;;ASSOCIACAO DE CARIDADE DE JAPARATUBA;HOSPITAL SAO JOSE;;;D;;;D ;DUPLA;4;5;49960000;PC JOSE F DE MENESES BARRETO;327;CENTRO;(79)272 1234;;;6.0;ATENDIMENTO CONTINUO DE 24 HORAS/DIA (PLANTAO:INCLUI SABADOS, DOMINGOS E FERIADOS);13374467000143.0;;3000.0;0.0;1.0;0.0;1.0;1.0;1.0;4.0;NAO
2421577;2807102421577;28;280710;;ASSOCIACAO BENEFICENTE BOM JESUS;HOSPITAL BOM JESUS;;;D;;;D ;DUPLA;4;5;49480000;PRACA JOSE BARRETO;07;CENTRO;(79)6111351;;;4.0;ATENDIMENTO NOS TURNOS DA MANHA, TARDE E NOITE;13001847000132.0;hospitalbomjeus@ualbr.com.br;3000.0;1.0;1.0;1.0;1.0;1.0;1.0;4.0;NAO
2421909;2806202421909;28;280620;13107453000163.0;PREFEITURA MUNICIPAL DE SALGADO;CASA DE PARTO MARIA DO CARMO N ALVES;;;D;;;D ;DUPLA;4;2;49390000;PRACA DURVAL MILITAO;S/N;CENTRO;(79)6511557;;;4.0;ATENDIMENTO NOS TURNOS DA MANHA, TARDE E NOITE;;pmssaude@ig.com.br;1000.0;0.0;0.0;0.0;0.0;1.0;0.0;4.0;NAO
2422034;2807402422034;28;280740;13119300000136.0;PREFEITURA MUNICIPAL DE TOBIAS BARRETO;UNIDADE DE SAUDE DA FAMILIA CONJUNTO IRMA DULCE;;;M;;;M ;MUNICIPAL;4;2;49300000;RODOVIA GOV ANTONIO CARLOS VALADARES;S/N;CENTRO;(79)5411192;;;1.0;ATENDIMENTO SOMENTE PELA MANHA;;smstb@ig.com.br;1000.0;0.0;0.0;0.0;0.0;1.0;0.0;4.0;SIM
2422166;2805602422166;28;280560;13131982000100.0;PREFEITURA MUNICIPAL DE PORTO DA FOLHA;UNIDADE DE SAUDE DA FAMILIA DE PORTO DA FOLHA II;;;M;;;M ;MUNICIPAL;4;1;49800000;RUA AUGUSTO CESAR LEITE 141;S/N;ZONA URBANA;;;;3.0;ATENDIMENTOS NOS TURNOS DA MANHA E A TARDE;;;1000.0;0.0;0.0;0.0;0.0;1.0;0.0;4.0;NAO
2422271;2807102422271;28;280710;13108089000156.0;PREFEITURA MUNICIPAL DE SIMAO DIAS;CS DR MANOEL AGUIAR;;;M;;;M ;MUNICIPAL;4;2;49480000;PRC JOSE BARRETO;S/N;CENTRO;(79)6112922;;;3.0;ATENDIMENTOS NOS TURNOS DA MANHA E A TARDE;;saudesd@infonet.com.br;1000.0;0.0;0.0;0.0;0.0;1.0;0.0;4.0;NAO
2422298;2807102422298;28;280710;13108089000156.0;PREFEITURA MUNICIPAL DE SIMAO DIAS;PS POVOADO MATA DO PERU;;;M;;;M ;MUNICIPAL;4;1;49480000;POVOADO MATA DO PERU;S/N;POVOADO;(79)6111324;;;3.0;ATENDIMENTOS NOS TURNOS DA MANHA E A TARDE;;saudesd@ainfonet.com.br;1244.0;0.0;0.0;0.0;0.0;1.0;0.0;4.0;NAO
2422360;2807102422360;28;280710;13108089000156.0;PREFEITURA MUNICIPAL DE SIMAO DIAS;PS POVOADO GALHO CORTADO;;;M;;;M ;MUNICIPAL;4;1;49480000;POVOADO GALHO CORTADO;S/N;POVOADO;(79)6111324;;;3.0;ATENDIMENTOS NOS TURNOS DA MANHA E A TARDE;;saudesd@infonet.com.br;1244.0;0.0;0.0;0.0;0.0;1.0;0.0;4.0;NAO
2422417;2807102422417;28;280710;13108089000156.0;PREFEITURA MUNICIPAL DE SIMAO DIAS;PS POVOADO CARAIBAS DE BAIXO;;;M;;;M ;MUNICIPAL;4;1;49480000;POVOADO CARAIBAS DE BAIXO;S/N;POVOADO;(79)6111324;;;3.0;ATENDIMENTOS NOS TURNOS DA MANHA E A TARDE;;saudesd@infonet.com.br;1244.0;0.0;0.0;0.0;0.0;1.0;0.0;4.0;NAO
2422492;2807102422492;28;280710;13108089000156.0;PREFEITURA MUNICIPAL DE SIMAO DIAS;PS POVOADO LAGOA GRANDE;;;M;;;M ;MUNICIPAL;4;1;49480000;POVOADO LAGOA GRANDE;S/N;POVOADO;(79)6111324;;;3.0;ATENDIMENTOS NOS TURNOS DA MANHA E A TARDE;;saudesd@infonet.com.br;1244.0;0.0;0.0;0.0;0.0;1.0;0.0;4.0;NAO
2422611;2801902422611;28;280190;13112289000182.0;PREFEITURA MUNI DE CUMBE;POSTO DE SAUDE LORIVAL BAPTISTA;;;M;;;M ;MUNICIPAL;4;1;49660000;RUA ARQUIBALDO MENDONCA;89;CENTRO;;;;3.0;ATENDIMENTOS NOS TURNOS DA MANHA E A TARDE;;smscumbe@infonet.com.br;1000.0;0.0;0.0;0.0;0.0;1.0;0.0;4.0;NAO
2423235;2806702423235;28;280670;;SINDICATO DOS TRABALHADORES RURAIS DE SAO CRISTOVAO;SINDICATO DOS TRABALHADORES RURAIS DE SAO CRISTOVAO;;;M;;;M ;MUNICIPAL;4;1;49100000;RUA RODAGEM JARDIM;058;AVENIDA;;;;3.0;ATENDIMENTOS NOS TURNOS DA MANHA E A TARDE;13092358000133.0;;2062.0;0.0;0.0;0.0;0.0;0.0;0.0;8.0;NAO
2423308;2803802423308;28;280380;13115993000199.0;PREFEITURA MUNICIPAL DE MALHADA DOS BOIS;POSTO DE SAUDE;;;M;;;M ;MUNICIPAL;4;1;49940000;POVOADO TABOCAL;S/N;CENTRO;;;;3.0;ATENDIMENTOS NOS TURNOS DA MANHA E A TARDE;;adinizio@hotmail.com;1000.0;0.0;0.0;0.0;0.0;0.0;0.0;8.0;NAO
2423367;2806902423367;28;280690;13118435000187.0;PREF MUN DE SAO FRANCISCO;POSTO DE SAUDE ANTONIO NASCIMENTO;;;M;;;M ;MUNICIPAL;4;1;49945000;RUA ANTONIO CALDAS;S/N;CENTRO;(79)03671112;;;3.0;ATENDIMENTOS NOS TURNOS DA MANHA E A TARDE;;;1000.0;0.0;0.0;0.0;0.0;1.0;0.0;4.0;NAO
2444313;2804602444313;28;280460;;CLINICA MEDICA ODONTOLOGICA E LABORATORIAL LTDA;CLIMOLAB;;;E;;;E ;ESTADUAL;4;39;49600000;AV PAULO VASCONCELOS;48;CENTRO;(79)2651222;;;2.0;ATENDIMENTO SOMENTE A TARDE;749822000170.0;climolab@infonet.com.br;2000.0;0.0;0.0;0.0;0.0;0.0;0.0;4.0;SIM
2444348;2805702444348;28;280570;;CLINICA EDMUNDO BORBA LTDA ME;LABORATORIO DE ANALISES CLINICA EDMUNDO BORBA;;;M;;;M ;MUNICIPAL;4;39;49900000;RUA DOM JOSE VICENTE DE TAVORA;212;CENTRO;(79)322-3001;;;3.0;ATENDIMENTOS NOS TURNOS DA MANHA E A TARDE;32716524000170.0;;2062.0;0.0;0.0;0.0;0.0;0.0;0.0;4.0;SIM
2469758;2801202469758;28;280120;;CLINICA MAE LTDA;CLINICA MAE;;;E;;;E ;ESTADUAL;4;39;49820000;AV ANANIAS DE CARVALHO;1035;CENTRO;;;;3.0;ATENDIMENTOS NOS TURNOS DA MANHA E A TARDE;3341166000160.0;;2000.0;;;;;0.0;0.0;4.0;NAO
2502801;2804802502801;28;280480;13128814000158.0;PREFEITURA MUNICIPAL DE NOSSA SENHORA DO SOCORRO;MORADIA REAPRENDENDO A VIVER;;;M;;;M ;MUNICIPAL;4;2;49160000;RUA A;112;MARCOS FREIRE II;(79)32543129;;;3.0;ATENDIMENTOS NOS TURNOS DA MANHA E A TARDE;;mjmoradia@yahoo.com.br;1244.0;0.0;0.0;0.0;0.0;1.0;0.0;4.0;NAO
2502852;2803202502852;28;280320;;EXLAB EXAMES LABORATORIAIS LTDA;EXLAB;;;E;;;E ;ESTADUAL;4;39;49120000;RUA PADRE EVERALDO LIMA;222;CENTRO;(79)3264-1598;;;3.0;ATENDIMENTOS NOS TURNOS DA MANHA E A TARDE;5401387000101.0;;2062.0;;;;;0.0;0.0;4.0;SIM
2502909;2802702502909;28;280270;13111224000112.0;PREFEITURA MUNICIPAL DE ILHA DAS FLORES;CASA DE PARTO M DO CARMO N ALVES;;;M;;;M ;MUNICIPAL;4;1;49990000;POVOADO BOLIVA;S/N;POV BOLIVA;(79)3771000;;;4.0;ATENDIMENTO NOS TURNOS DA MANHA, TARDE E NOITE;;;1244.0;0.0;0.0;0.0;0.0;1.0;0.0;4.0;NAO
2503786;2803502503786;28;280350;5000601000118.0;PREFEITURA MUNICIPAL DE LAGARTO;U B S POVOADO JUERANA;;;M;;;M ;MUNICIPAL;4;1;49400000;POVOADO JUERANA;S/N;ZONA RURAL;(79)6319621;;;3.0;ATENDIMENTOS NOS TURNOS DA MANHA E A TARDE;;sms@lagartosaude.com.br;1031.0;0.0;0.0;0.0;0.0;0.0;0.0;4.0;NAO
2546019;2804602546019;28;280460;;ASSOCIACAO DE CARIDADE NOSSA SENHORA DAS DORES;HOSPITAL E MATERNIDADE SAO FRANCISCO;;;M;;;M ;MUNICIPAL;4;5;49600000;PRACA 23 DE OUTUBRO;456;JOAO VENTURA;(79)2651211;;;6.0;ATENDIMENTO CONTINUO DE 24 HORAS/DIA (PLANTAO:INCLUI SABADOS, DOMINGOS E FERIADOS);13137096000186.0;pmsd@infonet.com.br;3999.0;0.0;1.0;1.0;1.0;1.0;1.0;8.0;NAO
2612321;2801302612321;28;280130;13119961000161.0;PREFEITURA MUNICIPAL DE CAPELA;UNIDADE DE VIGILANCIA A SAUDE DE CAPELA;;;M;;;M ;MUNICIPAL;4;50;49700000;PRACA ADROALDO CAMPOS;668;CENTRO;(79)32631279;;;1.0;ATENDIMENTO SOMENTE PELA MANHA;;sms.capela@yahoo.com.br;1000.0;;;;;0.0;0.0;1.0;NAO
2612526;2800672612526;28;280067;;MATERNIDADE SAO VICENTE DE PAULA;MATERNIDADE SAO VICENTE DE PAULA;;;E;;;E ;ESTADUAL;4;61;49360000;RUA MANOEL DOS SANTOS;69;CENTRO;(79)6451215;;;4.0;ATENDIMENTO NOS TURNOS DA MANHA, TARDE E NOITE;16455578000172.0;www.@.fces;3000.0;0.0;1.0;1.0;1.0;1.0;1.0;4.0;NAO
2658380;2803602658380;28;280360;13120613000104.0;PREFEITURA MUNICIPAL DE LARANJEIRAS;UNIDADE VIGILANCIA SANITARIA;;;M;;;M ;MUNICIPAL;4;50;49170000;PCA HERACLITO DINIZ;S/N;CENTRO;;;;3.0;ATENDIMENTOS NOS TURNOS DA MANHA E A TARDE;;saude.laranjeiras@yahoo.com.br;1000.0;;;;;0.0;0.0;4.0;NAO
2658437;2805502658437;28;280550;;BIOANALISYS LABORATORIO ANALISES CLINICA LTDA;BIOANALISYS;;;M;;;M ;MUNICIPAL;4;39;49490000;RUA JOAO XXIII;77;CENTRO;(07)3549-2091;;;3.0;ATENDIMENTOS NOS TURNOS DA MANHA E A TARDE;3213149000147.0;;2062.0;;;;;1.0;0.0;4.0;SIM
2658453;2803202658453;28;280320;;ASSOCIACAO DE PROT A MAT E A INF ARNALDO GARCEZ;MATERNIDADE NOSSA SENHORA DAJUDA;;;M;;;M ;MUNICIPAL;4;61;49120000;AV DEPUTADO JOSE CONDE SOBRAL;196;CENTRO;(79) 2641625;;;3.0;ATENDIMENTOS NOS TURNOS DA MANHA E A TARDE;13305693000172.0;marcos@ig.com.br;3999.0;0.0;1.0;1.0;1.0;1.0;1.0;4.0;NAO
2658623;2805702658623;28;280570;13117320000178.0;PREFEITURA MUNICIPAL DE PROPRIA;CENTRO GINECOLOGICO DRA LEONOR BARRETO FRANCO;;;D;;;D ;DUPLA;4;2;49900000;RUA SERAPIAO DE AGUIAR;S/N;CENTRO;;;;3.0;ATENDIMENTOS NOS TURNOS DA MANHA E A TARDE;;;1000.0;0.0;0.0;0.0;0.0;0.0;0.0;4.0;SIM
2658631;2805302658631;28;280530;13095039000181.0;PREFEITURA MUNICIPAL DE PIRAMBU;POSTO DE SAUDE MARTA AUGUSTA DE ALMEIDA;;;M;;;M ;MUNICIPAL;4;1;49190000;RUA MARIO TRINDADE CRUZ;132;CENTRO;(79)32761725;;;3.0;ATENDIMENTOS NOS TURNOS DA MANHA E A TARDE;;sec.pir@bol.com.br;1244.0;0.0;0.0;0.0;0.0;1.0;0.0;10.0;SIM
2658682;2804502658682;28;280450;;POLICLINICA VIDA LTDA;POLICLINICA VIDA;;;E;;;E ;ESTADUAL;4;39;49680000;AVN LOURIVAL BATISTA;654;DIVINEIA;(79)4111078;;;3.0;ATENDIMENTOS NOS TURNOS DA MANHA E A TARDE;4800400000132.0;;2000.0;0.0;0.0;0.0;0.0;1.0;0.0;4.0;SIM
2658712;2804502658712;28;280450;;CLINICA MAE LTDA;CLINICA MAE;;;E;;;E ;ESTADUAL;4;39;49680000;AVN SETE DE SETEMBRO;146;CENTRO;(79)4112707;;;3.0;ATENDIMENTOS NOS TURNOS DA MANHA E A TARDE;3341166000240.0;;2062.0;;;;;1.0;0.0;8.0;SIM
2658739;2805902658739;28;280590;13075676000196.0;LABORATORIO CLINICO SERGIPANO LTDA;LACLISE;;;E;;;E ;ESTADUAL;4;39;49130000;RUA ANTONIO PADRE PADILHA;S/N;CENTRO;(79)32412529;;;3.0;ATENDIMENTOS NOS TURNOS DA MANHA E A TARDE;13075676000277.0;;2062.0;;;;;1.0;0.0;8.0;SIM
2658747;2802002658747;28;280200;13075676000196.0;LABORATORIO CLINICO SERGIPANO LTDA;LACLISE DIVINA PASTORA;;;E;;;E ;ESTADUAL;4;39;49650000;PRACA DA BANDEIRA;157;CENTRO;(79)2412529;;;3.0;ATENDIMENTOS NOS TURNOS DA MANHA E A TARDE;13075676000609.0;;2062.0;;;;;0.0;0.0;8.0;NAO
2658771;2802102658771;28;280210;13097050001071.0;SECRETARIA MUNICIPAL DE SAUDE DE ESTANCIA;UNIDADE DE SAUDE MOVEL TRAYLER;;;M;;;M ;MUNICIPAL;4;40;49200000;RUA JOSE VENANCIO CRUZ;66;SAO JORGE;(79)5221419;;;3.0;ATENDIMENTOS NOS TURNOS DA MANHA E A TARDE;;;1000.0;0.0;0.0;0.0;0.0;0.0;0.0;4.0;NAO
2664070;2800302664070;28;280030;13128780000878.0;SECRETARIA MUNICIPAL DE SAUDE DE ARACAJU;CENTRO DE CONVIVENCIA DO ADOLESCENTE;;;M;;;M ;MUNICIPAL;4;36;49035190;RUA REIS LIMAQ;181;INDUSTRIAL;(79)31792437;;;3.0;ATENDIMENTOS NOS TURNOS DA MANHA E A TARDE;;;1031.0;0.0;0.0;0.0;0.0;1.0;0.0;4.0;NAO
2680076;2801102680076;28;280110;13115381000104.0;PREFEITURA MUNICIPAL DE CANHOBA;PS APARECIDA GUIMARAES;;;M;;;M ;MUNICIPAL;4;2;49880000;AV GOV ERONILDES F DE CARVALHO;S/N;CENTRO;(79)03631102;;;3.0;ATENDIMENTOS NOS TURNOS DA MANHA E A TARDE;;;1031.0;0.0;0.0;0.0;0.0;1.0;0.0;4.0;NAO
2680130;2803502680130;28;280350;5000601000118.0;SECRETARIA MUNICIPAL DE SAUDE DE LAGARTO;P S PROFESSOR ALMEIDA;;;M;;;M ;MUNICIPAL;4;2;49400000;POVOADO PINDOBA;S/N;ZONA RURAL;(79)6319621;;;3.0;ATENDIMENTOS NOS TURNOS DA MANHA E A TARDE;;sms@lagartosaude.com.br;1000.0;0.0;0.0;0.0;0.0;1.0;0.0;8.0;NAO
2680165;2803502680165;28;280350;16457053000176.0;ASSOC DE ASSIST E PROT A MATERNIDADE E A INFANCIA DE LAGARTO;BANCO DE LEITE HUMANO ZOED BITTENCURT;;;M;;;M ;MUNICIPAL;4;36;49400000;TRAVESSA SAO JOSE;047;CENTRO;;;;3.0;ATENDIMENTOS NOS TURNOS DA MANHA E A TARDE;;;3000.0;0.0;0.0;0.0;0.0;1.0;0.0;8.0;NAO
2745232;2801502745232;28;280150;13108535000122.0;PREFEITURA MUNICIPAL DE CARMOPOLIS;COORDENADORIA DE VIGILANCIA SANITARIA;;;D;;;D ;DUPLA;4;2;49740000;RUA GETULIO VARGAS;S/N;CENTRO;(79)2771224;;;1.0;ATENDIMENTO SOMENTE PELA MANHA;;secsaudecar@infonet.com.br;1000.0;0.0;0.0;0.0;0.0;0.0;0.0;8.0;SIM
2815834;2805902815834;28;280590;;ASSOC ASSIST PROT A MATERNIDADE INF DE RIACHUELO;MATERNIDADE DE RIACHUELO;;;E;;;E ;ESTADUAL;4;61;49130000;RUA PADRE PADILHA;S/N;CENTRO;;;;6.0;ATENDIMENTO CONTINUO DE 24 HORAS/DIA (PLANTAO:INCLUI SABADOS, DOMINGOS E FERIADOS);32728420000266.0;;3999.0;1.0;0.0;0.0;1.0;1.0;1.0;10.0;SIM
2815842;2803202815842;28;280320;13128889000139.0;PREFEITURA MUNICIPAL DE ITAPORANGA DAJUDA;POSTO DE SAUDE DO POVOADO ESTANCINHA;;;M;;;M ;MUNICIPAL;4;1;49120000;PS DO POVOADO ESTANCINHA;S/N;ZONA RURAL;;;;3.0;ATENDIMENTOS NOS TURNOS DA MANHA E A TARDE;;;1031.0;0.0;0.0;0.0;0.0;1.0;0.0;4.0;NAO
2815915;2806002815915;28;280600;13128798001680.0;SECRETARIA DE ESTADO DA SAUDE DE SERGIPE;HOSPITAL E MATERNIDADE DR CARLOS FIRPO;;;E;;;E ;ESTADUAL;4;5;49530000;RUA ANTONIO MENDONCA;S/N;CENTRO;(79)3449-2400;;;4.0;ATENDIMENTO NOS TURNOS DA MANHA, TARDE E NOITE;;sauderib@infonet.com.br;1023.0;1.0;1.0;1.0;1.0;1.0;1.0;4.0;SIM
3012948;2806803012948;28;280680;4859833000163.0;LABOCLINICA CENTRO DE DIAGNOSTICO LTDA;LABOCLINICA 2;;;E;;;E ;ESTADUAL;4;39;49525000;RUA PROFESSOR IVANILDE SILVA;S/N;CENTRO;(79)6312505;;;1.0;ATENDIMENTO SOMENTE PELA MANHA;4859833000325.0;;2062.0;0.0;0.0;0.0;0.0;0.0;0.0;8.0;SIM
3036537;2803503036537;28;280350;5000601000118.0;SECRETARIA MUNICIPAL DE SAUDE LAGARTO;U B S BAIRRO JARDIM CAMPO NOVO;;;M;;;M ;MUNICIPAL;4;2;49400000;BAIRRO JARDIM CAMPO NOVO;765;JARDIM CAMPO NOVO;(79)36319621;;;3.0;ATENDIMENTOS NOS TURNOS DA MANHA E A TARDE;;sms@lagartosaude.com.br;1000.0;0.0;0.0;0.0;0.0;0.0;0.0;8.0;NAO
3043363;2804503043363;28;280450;;CLINICA VISAO LTDA;CLINICA VISAO;;;E;;;E ;ESTADUAL;4;36;49680000;AV LOURIVAL BATISTA;539;DIVINEIA;(79)4111097;;;1.0;ATENDIMENTO SOMENTE PELA MANHA;1693620000205.0;;2240.0;0.0;0.0;0.0;0.0;1.0;0.0;8.0;NAO
3057887;2804603057887;28;280460;;CLINICA NOSSA SENHORA AUXILIADORA;CLINICA NOSSA SENHORA AUXILIADORA;;;M;;;M ;MUNICIPAL;4;36;49600000;PRACA JAIME FIGUEIREDO LIMA;169;CENTRO;(79)2651299;;;1.0;ATENDIMENTO SOMENTE PELA MANHA;2703368000141.0;gclinossa@ad.com;2062.0;0.0;0.0;0.0;0.0;1.0;0.0;11.0;NAO
3082539;2804603082539;28;280460;;HUMANNAS CLINICA DE FISIOTERAPIA LTDA;CLINICA HUMANNAS;;;M;;;M ;MUNICIPAL;4;36;49600000;RUA BENJAMIM CONSTANT;32;CENTRO;(79)3265-2319;;;3.0;ATENDIMENTOS NOS TURNOS DA MANHA E A TARDE;5193204000100.0;humannas.fisio@bol.com.br;2062.0;0.0;0.0;0.0;0.0;0.0;0.0;8.0;NAO
3208796;2800303208796;28;280030;;JOSE CLEANES NUNES MOTA;JOSE CLEANES NUNES MOTA;;;M;;;M ;MUNICIPAL;4;22;49010040;AV GONCALO PRADO ROLEMBERG;460;SAO JOSE;(79)2145595;;;3.0;ATENDIMENTOS NOS TURNOS DA MANHA E A TARDE;;;4000.0;0.0;0.0;0.0;0.0;0.0;0.0;10.0;NAO
3218511;2800303218511;28;280030;;CONVENIO ODONTO NEWS;ODONTO 10X;;;M;;;M ;MUNICIPAL;4;22;49010190;RUA ITABAIANA;530;CENTRO;(79)2220010;;;3.0;ATENDIMENTOS NOS TURNOS DA MANHA E A TARDE;2397830000120.0;;2062.0;0.0;0.0;0.0;0.0;0.0;0.0;4.0;NAO
3225933;2800303225933;28;280030;;CONSULTORIO DA MULHER;CONSULTORIO DA MULHER LTDA;;;M;;;M ;MUNICIPAL;4;22;49010410;AV GONCALO P ROLLEMBERG;211;SAO JOSE;(79)2144332;;;3.0;ATENDIMENTOS NOS TURNOS DA MANHA E A TARDE;2781190000157.0;;2062.0;0.0;0.0;0.0;0.0;0.0;0.0;8.0;NAO
3262685;2802903262685;28;280290;;LICIA FLORESTA DE OLIVEIRA;CLINICA ODONTOLOGICA;;;M;;;M ;MUNICIPAL;4;22;49500000;RUA BARAO DO RIO BRANCO;128;CENTRO;(79) 4311547;;;3.0;ATENDIMENTOS NOS TURNOS DA MANHA E A TARDE;;;4000.0;0.0;0.0;0.0;0.0;1.0;0.0;8.0;NAO
3266842;2800303266842;28;280030;;JAIRO PIZZA DE ASSIS;JAIRO PIZZA DE ASSIS;;;M;;;M ;MUNICIPAL;4;22;49035000;RUA VILA CRISTINA;67;SAO JOSE;(79)2111474;;;2.0;ATENDIMENTO SOMENTE A TARDE;;;4000.0;0.0;0.0;0.0;0.0;1.0;0.0;8.0;NAO
3277232;2802903277232;28;280290;13104740000110.0;PREFEITURA MUNICIPAL DE ITABAIANA;RESIDENCIA TERAPEUTICA MORADA DA SERRA;;;M;;;M ;MUNICIPAL;4;2;49500000;AV PADRE AILTON G LIMA;809;CAMPO GRANDE;(79) 4321231;;;4.0;ATENDIMENTO NOS TURNOS DA MANHA, TARDE E NOITE;;smsita@infonet.com.br;1000.0;0.0;0.0;0.0;0.0;1.0;0.0;8.0;NAO
3278883;2800303278883;28;280030;;JOSE DE CARVALHO DEDA NETO;JOSE DE CARVALHO DEDA NETO;;;M;;;M ;MUNICIPAL;4;22;49015150;PC ALMIRANTE TAMANDARE20;02;SAO JOSE;;;;3.0;ATENDIMENTOS NOS TURNOS DA MANHA E A TARDE;;;4000.0;0.0;0.0;0.0;0.0;1.0;0.0;10.0;NAO
3292622;2800303292622;28;280030;;ODONTO PERICIAS LTDA;SODENT;;;E;;;E ;ESTADUAL;4;36;49015030;RUA MONSENHOR SILVEIRA;57;SAO JOSE;(79)2140704;;;3.0;ATENDIMENTOS NOS TURNOS DA MANHA E A TARDE;497920000167.0;;2000.0;0.0;0.0;0.0;0.0;0.0;0.0;4.0;NAO
3302504;2807403302504;28;280740;13119300000136.0;PREFEITURA MUN DE TOBIAS BARRETO;UNIDADE DE SAUDE DA FAMILIA POV RIACHO FUNDO;;;M;;;M ;MUNICIPAL;4;1;49300000;POVOADO RICAHO FUNDO;S/N;ZONA RURAL;(79)35411220;;;3.0;ATENDIMENTOS NOS TURNOS DA MANHA E A TARDE;;smstb@bol.com.br;1000.0;0.0;0.0;0.0;0.0;1.0;0.0;4.0;NAO
3323048;2800603323048;28;280060;13075262000167.0;LABOHEFLABORATORIO CLINICO DE SERGIPE;LABOHEF;;;E;;;E ;ESTADUAL;4;39;49140000;PRACA ERASMO SANTA BARBARA;69;CENTRO;;;;1.0;ATENDIMENTO SOMENTE PELA MANHA;13075262000590.0;;2000.0;0.0;0.0;0.0;0.0;0.0;0.0;4.0;NAO
3323196;2804003323196;28;280400;;PRONTOMED SERVICOS MEDICOS LTDA;PRONTOMED;;;M;;;M ;MUNICIPAL;4;39;49770000;RUA GEN SIQUEIRA;81;CENTRO;;;;3.0;ATENDIMENTOS NOS TURNOS DA MANHA E A TARDE;5144193000259.0;;2062.0;;;;;0.0;0.0;4.0;NAO
3329461;2800303329461;28;280030;;ANGIOCLINICA SC LTDA;ANGIOCLINICA SC LTDA;;;M;;;M ;MUNICIPAL;4;22;49035660;RUA CAMPOS;671;SAO JOSE;(79)2142156;;;3.0;ATENDIMENTOS NOS TURNOS DA MANHA E A TARDE;32708497000193.0;;2240.0;0.0;0.0;0.0;0.0;1.0;0.0;8.0;NAO
3336204;2800303336204;28;280030;;JUVINA MIRALDA DE SOUZA LIMA;JUVINA MIRALDA DE SOUZA LIMA;;;M;;;M ;MUNICIPAL;4;22;49010000;RUA ZAQUE BRANDAO;250;SAO JOSE;(79)2111698;;;2.0;ATENDIMENTO SOMENTE A TARDE;;;4000.0;0.0;0.0;0.0;0.0;0.0;0.0;8.0;NAO
3337405;2800303337405;28;280030;13128798001680.0;SECRETARIA DE ESTADO DA SAUDE DE SERGIPE;PRO MULHER PRO FAMILIA;;;E;;;E ;ESTADUAL;4;40;49010520;PCA GENERAL VALADAO;32;CENTRO;;;;3.0;ATENDIMENTOS NOS TURNOS DA MANHA E A TARDE;;;1000.0;0.0;0.0;0.0;0.0;0.0;0.0;4.0;NAO
3337812;2800303337812;28;280030;;MED LABORATORIO DE ANALISES CLINICAS EIRELI ME;MED LABORATORIO DE ANALISES CLINICA LTDA;;;M;;;M ;MUNICIPAL;4;39;49087350;JONALDO BOMFIM;211;SANTOS DUMONT;;;;3.0;ATENDIMENTOS NOS TURNOS DA MANHA E A TARDE;1301012000119.0;;2313.0;0.0;0.0;0.0;0.0;0.0;0.0;10.0;SIM
3369781;2802903369781;28;280290;;OSVALDO DE OLIVEIRA MARQUES JUNIOR;CLIDOM;;;M;;;M ;MUNICIPAL;4;4;49500000;TRAV FRANCISCO PORTO;54;CENTRO;(79) 4310308;;;3.0;ATENDIMENTOS NOS TURNOS DA MANHA E A TARDE;6187820000110.0;;2000.0;0.0;0.0;0.0;0.0;0.0;0.0;8.0;NAO
3403246;2800303403246;28;280030;;CARLOS ALBERTO MENEZES;CARLOS ALBERTO MENEZES;;;M;;;M ;MUNICIPAL;4;22;49035000;AV GONCALO PRADO ROLLEMBERG;1459;SAO JOSE;(79)2143565;;;3.0;ATENDIMENTOS NOS TURNOS DA MANHA E A TARDE;;;4000.0;0.0;0.0;0.0;0.0;1.0;0.0;4.0;NAO
3415228;2800303415228;28;280030;;COOPERATIVA MEDICOS INTENSIVISTAS ESTADO DE SERGIPE;CINTESE;;;M;;;M ;MUNICIPAL;4;60;49015400;AV CEL STANLEY SILVEIRA;73;SAO JOSE;(79)2138647;;;;;32878944000152.0;cintese@uol.com.br;2143.0;;;;;0.0;0.0;4.0;NAO
3415597;2800303415597;28;280030;;ENDOCORPUS CLINICA LTDA;ENDOCORPUS;;;M;;;M ;MUNICIPAL;4;36;49035190;AV GONCALO ROLLEMBERG;1459;SAO JOSE;(79)2143565;;;3.0;ATENDIMENTOS NOS TURNOS DA MANHA E A TARDE;3748235000154.0;;2062.0;0.0;0.0;0.0;0.0;1.0;0.0;4.0;NAO
3417190;2800303417190;28;280030;;SORAYA RAMALHO SANTOS FARO;SORAYA RAMALHO SANTOS FARO;;;M;;;M ;MUNICIPAL;4;22;49015220;RUA CAMPOS;671;SAO JOSE;(79)2124611;;;3.0;ATENDIMENTOS NOS TURNOS DA MANHA E A TARDE;;;4000.0;0.0;0.0;0.0;0.0;0.0;0.0;3.0;NAO
3477657;2800303477657;28;280030;;CLEANO ALVES MOTA;CLEANO ALVES MOTA;;;M;;;M ;MUNICIPAL;4;22;49020120;RUA EUCLIDES PAES MENDONCA;797;SALGADO FILHO;(79)32466435;;;3.0;ATENDIMENTOS NOS TURNOS DA MANHA E A TARDE;;;4000.0;0.0;0.0;0.0;0.0;0.0;0.0;4.0;NAO
3496201;2801603496201;28;280160;13117601000120.0;PREFEITURA MUNICIPAL DE CEDRO DE SAO JOAO;UNIDADE DE VIGILANCIA EM SAUDE;;;M;;;M ;MUNICIPAL;4;50;49930000;RUA AUGUSTO MAYNAARD;280;CENTRO;;;;3.0;ATENDIMENTOS NOS TURNOS DA MANHA E A TARDE;;;1000.0;;;;;0.0;0.0;4.0;SIM
3510018;2805503510018;28;280550;13106935000107.0;PREFEITURA MUNICIPAL DE POCO VERDE;USF FAZENDINHA;;;M;;;M ;MUNICIPAL;4;2;49490000;RUA GABRIEL BENEVIDES DO ROSARIO;372;NACAO;;;;3.0;ATENDIMENTOS NOS TURNOS DA MANHA E A TARDE;;saudepmpv@infonet.com.br;1244.0;0.0;0.0;0.0;0.0;1.0;0.0;4.0;SIM
3517861;2804503517861;28;280450;2922535000145.0;ASSOCIACAO LUZ DO SOL;MORADIA MADRE ALBERTINA BRASIL;;;E;;;E ;ESTADUAL;4;36;49680000;AV LOURIVAL BATISTA;597;CENTRO;(79)4111819;;;3.0;ATENDIMENTOS NOS TURNOS DA MANHA E A TARDE;2922535000498.0;;3999.0;0.0;0.0;0.0;0.0;1.0;0.0;8.0;SIM
3531465;2800303531465;28;280030;;PROCTOCLINICA LTDA;PROCTOCLINICA;;;M;;;M ;MUNICIPAL;4;22;49035660;PC DA IMPRESA;12;SALGADO FILHO;(79);;;2.0;ATENDIMENTO SOMENTE A TARDE;15620214000138.0;;2240.0;0.0;0.0;0.0;0.0;0.0;0.0;8.0;NAO
3555585;2807403555585;28;280740;13119300000136.0;PREFEITURA MUNICIPAL DE TOBIAS BARRETO;UNIDADE DE SAUDE DA FAMILIA CONJ MARIA DO CARMO;;;M;;;M ;MUNICIPAL;4;2;49300000;RUA JOSE ROSA DE OLIVEIRA;S/N;CENTRO;(79)35411301;;;3.0;ATENDIMENTOS NOS TURNOS DA MANHA E A TARDE;;smstb@ig.com.br;1000.0;0.0;0.0;0.0;0.0;1.0;0.0;4.0;SIM
3598144;2800303598144;28;280030;;MARCOS AURELIO PRADO DIAS;MARCOS AURELIO PRADO DIAS;;;M;;;M ;MUNICIPAL;4;22;49020500;PC DA IMPRESA;28;SALGADO FILHO;(79);;;3.0;ATENDIMENTOS NOS TURNOS DA MANHA E A TARDE;;;4000.0;0.0;0.0;0.0;0.0;0.0;0.0;8.0;NAO
3611892;2800303611892;28;280030;;MARGARETH ROSE UCHOA RANGEL;MARGARETH ROSE UCHOA RANGEL;;;M;;;M ;MUNICIPAL;4;22;49035660;AV GONCALO PRADO ROLLEMBERG;211;SAO JOSE;(79);;;3.0;ATENDIMENTOS NOS TURNOS DA MANHA E A TARDE;;;4000.0;0.0;0.0;0.0;0.0;0.0;0.0;8.0;NAO
3618935;2800303618935;28;280030;;JOAO BARRETO DE SOUZA;JOAO BARRETO DE SOUZA;;;M;;;M ;MUNICIPAL;4;22;49010140;AV BARAO DE MARUIM;609;CENTRO;;;;3.0;ATENDIMENTOS NOS TURNOS DA MANHA E A TARDE;;;4000.0;0.0;0.0;0.0;0.0;0.0;0.0;10.0;NAO
3627535;2800303627535;28;280030;;ARMANDO JOSE PORTILHO;ARMANDO JOSE PORTILHO;;;M;;;M ;MUNICIPAL;4;22;49035660;RUA PASTOR EUCLIDES ARLINDO;576;P LOBO;(79)32117070;;;2.0;ATENDIMENTO SOMENTE A TARDE;;;4000.0;0.0;0.0;0.0;0.0;0.0;0.0;8.0;NAO
3627594;2800303627594;28;280030;;SELMA DE FREITAS TRISNOSKI;SELMA DE FREITAS TRISNOSKI;;;M;;;M ;MUNICIPAL;4;22;49035660;AV GONCALO ROLLEMBERG LEITE;211;SAO JOSE;(79)32141942;;;3.0;ATENDIMENTOS NOS TURNOS DA MANHA E A TARDE;;;4000.0;0.0;0.0;0.0;0.0;0.0;0.0;8.0;NAO
3641619;2800303641619;28;280030;;CLOVIS OLIVEIRA ANDRADE;CLOVIS OLIVEIRA ANDRADE;;;M;;;M ;MUNICIPAL;4;22;49015320;RUA DUQUE DE CAXIAS;140;SAO JOSE;;;;3.0;ATENDIMENTOS NOS TURNOS DA MANHA E A TARDE;;;4000.0;0.0;0.0;0.0;0.0;0.0;0.0;8.0;NAO
3646319;2800303646319;28;280030;;GERVAZIO MONTEIRO DE CASTRO;GERVAZIO MONTEIRO DE CASTRO;;;M;;;M ;MUNICIPAL;4;22;49035660;AV GONCALO PRADO ROLLEMBERG;211;SAO JOSE;32144332;;;3.0;ATENDIMENTOS NOS TURNOS DA MANHA E A TARDE;;;4000.0;0.0;0.0;0.0;0.0;0.0;0.0;8.0;NAO
3648001;2800303648001;28;280030;;SONIA SOBRAL SANTOS;SONIA SOBRAL SANTOS;;;M;;;M ;MUNICIPAL;4;22;49050730;RUA ULISSES MAYNARD;96;SUISSA;;;;3.0;ATENDIMENTOS NOS TURNOS DA MANHA E A TARDE;;;4000.0;0.0;0.0;0.0;0.0;0.0;0.0;8.0;NAO
3659976;2800303659976;28;280030;;ANA MARIA DOS SANTOS;ANA MARIA DOS SANTOS;;;M;;;M ;MUNICIPAL;4;22;49015320;RUA DUQUE DE CAXIAS;140;SAO JOSE;7921065500;;;3.0;ATENDIMENTOS NOS TURNOS DA MANHA E A TARDE;;;4000.0;0.0;0.0;0.0;0.0;0.0;0.0;8.0;NAO
3660591;2800303660591;28;280030;;PAULO SECUNDUS GONCALVES PEREIRA;PAULO SECUNDUS GONCALVES PEREIRA;;;M;;;M ;MUNICIPAL;4;22;49010450;RUA SIRIRI;1024;CENTRO;32117413;;;3.0;ATENDIMENTOS NOS TURNOS DA MANHA E A TARDE;;;4000.0;0.0;0.0;0.0;0.0;0.0;0.0;7.0;NAO
3665305;2800303665305;28;280030;;DEYSE SANTOS SILVEIRA;DEYSE SANTOS SILVEIRA;;;M;;;M ;MUNICIPAL;4;22;49035660;RU GUILHERMINO RESENDE;187;SALGADO FILHO;32119037;;;3.0;ATENDIMENTOS NOS TURNOS DA MANHA E A TARDE;;;4000.0;0.0;0.0;0.0;0.0;0.0;0.0;8.0;NAO
3668649;2800303668649;28;280030;;FLAVIO PRADO AMADO;FLAVIO PRADO AMADO;;;M;;;M ;MUNICIPAL;4;22;49035660;RUA RIACHELO;965;SAO JOSE;32113337;;;3.0;ATENDIMENTOS NOS TURNOS DA MANHA E A TARDE;;;4000.0;0.0;0.0;0.0;0.0;0.0;0.0;4.0;NAO
3673537;2800303673537;28;280030;;LIVIA MARIA CHAGAS DE BARROS BATALHA;LIVIA MARIA CHAGAS DE BARROS BATALHA;;;M;;;M ;MUNICIPAL;4;22;49035660;RUA JOSE RAMOS DA SILVA;72;13 DE JULHO;32463232;;;3.0;ATENDIMENTOS NOS TURNOS DA MANHA E A TARDE;;;4000.0;0.0;0.0;0.0;0.0;0.0;0.0;4.0;NAO
3678288;2800303678288;28;280030;;ROBERTO JOSE DA PAIXAO;ROBERTO JOSE DA PAIXAO;;;M;;;M ;MUNICIPAL;4;22;49010410;AV GOVCALO PRADO;211;SAO JOSE;32143432;;;3.0;ATENDIMENTOS NOS TURNOS DA MANHA E A TARDE;;;4000.0;0.0;0.0;0.0;0.0;0.0;0.0;8.0;NAO
3713709;2800303713709;28;280030;;JOSILAVIO DE ALMEIDA ARAUJO;JOSILAVIO DE ALMEIDA ARAUJO;;;M;;;M ;MUNICIPAL;4;22;49035660;AV CORONEL STANLEY SILVEIRA;91;SAO JOSE;21071151;;;3.0;ATENDIMENTOS NOS TURNOS DA MANHA E A TARDE;;;4000.0;0.0;0.0;0.0;0.0;0.0;0.0;10.0;NAO
3715914;2800303715914;28;280030;;WALTER MILET;WALTER MILET;;;M;;;M ;MUNICIPAL;4;22;49035660;RUA CARLOS CORREIA;452;SIQUEIRA CAMPOS;2112966;;;3.0;ATENDIMENTOS NOS TURNOS DA MANHA E A TARDE;;;4000.0;0.0;0.0;0.0;0.0;0.0;0.0;8.0;NAO
3725200;2800303725200;28;280030;;ELIZABETE ANDRADE TAVARES;ELIZABETE ANDRADE TAVARES;;;M;;;M ;MUNICIPAL;4;22;49035660;AV STANLEY SILVEIRA;073;SAO JOSE;;;;3.0;ATENDIMENTOS NOS TURNOS DA MANHA E A TARDE;;;4000.0;0.0;0.0;0.0;0.0;0.0;0.0;8.0;NAO
3789489;2800303789489;28;280030;;LUCY MARY GOMES DE ALMEIDA;LUCY MARY GOMES DE ALMEIDA;;;M;;;M ;MUNICIPAL;4;22;49035660;RUA GUILHERMINO REZENDE;336;SALGADO FILHO;32119335;;;2.0;ATENDIMENTO SOMENTE A TARDE;;;4000.0;0.0;0.0;0.0;0.0;0.0;0.0;4.0;NAO
3796957;2800303796957;28;280030;;GEORGE ALBERTO SANTOS SILVA AMADO;GEORGE ALBERTO SANTOS SILVA AMADO;;;M;;;M ;MUNICIPAL;4;22;49015230;AV GONCALO PRADO ROLLEMBERG;S/N;SAO JOSE;32142948;;;3.0;ATENDIMENTOS NOS TURNOS DA MANHA E A TARDE;;;4000.0;0.0;0.0;0.0;0.0;0.0;0.0;4.0;NAO
3807487;2804603807487;28;280460;;DORESCLIN EXAMES ESPECIALIZADOS;DORESCLIN;;;M;;;M ;MUNICIPAL;4;39;49600000;AV PAULO VASCONCELOS;48;CENTRO;(79) 3265-1222;;;3.0;ATENDIMENTOS NOS TURNOS DA MANHA E A TARDE;7595319000156.0;;2062.0;0.0;0.0;0.0;0.0;1.0;0.0;8.0;SIM
3815374;2804503815374;28;280450;;CENTRO DIAGNOSTICOS CONSULTAS E LABORATORIO EIRELI ME;CENTRO DIAGNOSTICO ALTO SERTAO;;;E;;;E ;ESTADUAL;4;39;49680000;RUA ANTONIO FRANCISCO DE SOUZA;81;CENTRO;(79) 3411-1576;;;3.0;ATENDIMENTOS NOS TURNOS DA MANHA E A TARDE;6232345000157.0;;2305.0;0.0;0.0;0.0;0.0;0.0;0.0;10.0;SIM
3830667;2804803830667;28;280480;13128814000158.0;PREFEITURA MUNICIPAL DE NOSSA SENHORA DO SOCORRO;MORADIA REAPRENDENDO A VIVER 02;;;M;;;M ;MUNICIPAL;4;2;49160000;RUA A;192;MARCOS FREIRE;;;;4.0;ATENDIMENTO NOS TURNOS DA MANHA, TARDE E NOITE;;mjmoradia@yahoo.com.br;1244.0;0.0;0.0;0.0;0.0;1.0;0.0;4.0;NAO
3830705;2804803830705;28;280480;13128814000158.0;PREFEITURA MUNICIPAL DE NOSSA SENHORA DO SOCORRO;MORADIA REAPRENDENDO A VIVER 03;;;M;;;M ;MUNICIPAL;4;2;49160000;RUA A;192;MARCOS FREIRE;79-32562911;;;4.0;ATENDIMENTO NOS TURNOS DA MANHA, TARDE E NOITE;;mjmoradia@yahoo.com.br;1244.0;0.0;0.0;0.0;0.0;1.0;0.0;4.0;NAO
3830772;2804803830772;28;280480;13128814000158.0;PREFEITURA MUNICIPAL DE NOSSA SENHORA DO SOCORRO;MORADIA REAPRENDENDO A VIVER 04;;;M;;;M ;MUNICIPAL;4;2;49160000;RUA A;192;MARCOS FREIRE;79-32562911;;;4.0;ATENDIMENTO NOS TURNOS DA MANHA, TARDE E NOITE;;smjmoradia@yahoo.com.br;1244.0;0.0;0.0;0.0;0.0;1.0;0.0;4.0;NAO
3830799;2804803830799;28;280480;13128814000158.0;PREFEITURA MUNICIPAL DE NOSSA SENHORA DO SOCORRO;MORADIA REAPRENDENDO A VIVER 01;;;M;;;M ;MUNICIPAL;4;2;49160000;RUA A;112;MARCOS FREIRE;79-32562911;;;4.0;ATENDIMENTO NOS TURNOS DA MANHA, TARDE E NOITE;;mjmoradia@yahoo.com.br;1244.0;0.0;0.0;0.0;0.0;1.0;0.0;4.0;NAO
3830829;2804803830829;28;280480;7057081000105.0;ASSO VOLUNT APOIO PORT T MENTAIS ESTADO SERGIPE;NOVO LAR;;;M;;;M ;MUNICIPAL;4;2;49160000;ANTONIO VALADAO;95;CENTRO;79-32472961;;;4.0;ATENDIMENTO NOS TURNOS DA MANHA, TARDE E NOITE;;;3000.0;0.0;0.0;0.0;0.0;1.0;0.0;4.0;NAO
3830861;2804803830861;28;280480;7057081000105.0;ASSO VOLUNT APOIO PORT T MENTAIS ESTADO SERGIPE;VIDA NOVA;;;M;;;M ;MUNICIPAL;4;2;49160000;62 65;02;MARCOS FREIRE II;79-32472961;;;4.0;ATENDIMENTO NOS TURNOS DA MANHA, TARDE E NOITE;;;3000.0;0.0;0.0;0.0;0.0;1.0;0.0;4.0;NAO
3830926;2804803830926;28;280480;7057081000105.0;ASSO VOLUNT APOIO PORT T MENTAIS ESTADO SERGIPE;VIVER FELIZ;;;M;;;M ;MUNICIPAL;4;2;49160000;RUA A 13;149;MARCOS FREIRE II;79-32472961;;;4.0;ATENDIMENTO NOS TURNOS DA MANHA, TARDE E NOITE;;;3000.0;0.0;0.0;0.0;0.0;1.0;0.0;4.0;NAO
3852415;2805503852415;28;280550;495095000161.0;LABORATORIO DE ANALISES CLINICAS SANTA RITA LTDA;LABOSAT;;;M;;;M ;MUNICIPAL;4;39;49490000;AV CAPITAO JOSE NARCISO;174;CENTRO;79-3549-2143;;;3.0;ATENDIMENTOS NOS TURNOS DA MANHA E A TARDE;495095000323.0;;2062.0;0.0;0.0;0.0;0.0;0.0;0.0;4.0;SIM
3854760;2800303854760;28;280030;;VALERIA RAMALHO SANTOS CHAGAS;VALERIA RAMALHO SANTOS CHAGAS;;;M;;;M ;MUNICIPAL;4;22;49020410;RUA CAMPOS;671;SAO JOSE;;;;3.0;ATENDIMENTOS NOS TURNOS DA MANHA E A TARDE;;;4000.0;0.0;0.0;0.0;0.0;0.0;0.0;8.0;NAO
3857786;2800303857786;28;280030;;IVAN MAYNART TAVARES;IVAN MAYNART TAVARES;;;M;;;M ;MUNICIPAL;4;22;49020340;RUA LAGARTO;921;CENTRO;32119415;;;3.0;ATENDIMENTOS NOS TURNOS DA MANHA E A TARDE;;;4000.0;0.0;0.0;0.0;0.0;0.0;0.0;11.0;NAO
3865959;2807403865959;28;280740;13119300000136.0;PREFEITURA MUNICIPAL DE TOBIAS BARRETO;VIGILANCIA SANITARIA DE TOBIAS BARRETO;;;M;;;M ;MUNICIPAL;4;50;49300000;RUA GETULIO VARGAS;S/N;CENTRO;35411220;;;3.0;ATENDIMENTOS NOS TURNOS DA MANHA E A TARDE;;SMSTB@IG.COM.BR;1000.0;;;;;0.0;0.0;4.0;NAO
3867765;2807303867765;28;280730;13118591000148.0;PREFEITURA MUN DE TELHA;UNIDADE DE VIGILANCIA SANITARIA DE TELHA;;;M;;;M ;MUNICIPAL;4;50;49910000;RUA ANTONIO MOTA;60;CENTRO;79-3364-1064;;;3.0;ATENDIMENTOS NOS TURNOS DA MANHA E A TARDE;;TELHASAUDE@IBEST.COM.BR;1000.0;;;;;0.0;0.0;4.0;NAO
3886255;2806703886255;28;280670;;OPTOFISIO CLINICA MEDICA E FISIOTERAPIA LTDA;OPTOFISIO;;;E;;;E ;ESTADUAL;4;39;49100000;RUA VER VALDOMIRO TEOFILO SANTOS;469;ROSA MARIA;9978-8777 3257-8777;;;3.0;ATENDIMENTOS NOS TURNOS DA MANHA E A TARDE;7762993000188.0;optofisio@uol.com.br;2062.0;0.0;0.0;0.0;0.0;1.0;0.0;8.0;NAO
3902145;2800303902145;28;280030;;DERCILIO ALVES FONTES;DERCILIO ALVES FONTES;;;M;;;M ;MUNICIPAL;4;22;49035660;RUA CAMPOS;671;SAO JOSE;;;;3.0;ATENDIMENTOS NOS TURNOS DA MANHA E A TARDE;;;4000.0;0.0;0.0;0.0;0.0;0.0;0.0;10.0;NAO
3941051;2800303941051;28;280030;;CENTRO DE REFERENCIA EM UROLOGIA DE SERGIPE;UROCENTER;;;M;;;M ;MUNICIPAL;4;4;49055480;RUA NOSSO SENHORA DAS DORES;255;CIRURGIA;7932222609;;;3.0;ATENDIMENTOS NOS TURNOS DA MANHA E A TARDE;7882549000104.0;;2062.0;0.0;0.0;0.0;0.0;0.0;0.0;8.0;NAO
3946398;2800303946398;28;280030;;INSTITUTO DE RADIOTERAPIA DE SERGIPE LTDA;CENTRO DE RADIOTERAPIA DR OSVALDO DA CRUZ LEITE;;;M;;;M ;MUNICIPAL;4;36;49035190;AV DES MAYNARD;174;CIRURGIA;32144572;;;3.0;ATENDIMENTOS NOS TURNOS DA MANHA E A TARDE;3438372000192.0;;2062.0;0.0;0.0;0.0;0.0;0.0;0.0;8.0;NAO
3969789;2800303969789;28;280030;;JOSE AUGUSTO SOARES BARRETO;JOSE AUGUSTO SOARES BARRETO;;;M;;;M ;MUNICIPAL;4;22;49010410;AV GONCALO PRADP ROLLEMBERG;211;SAO JOSE;32137555;;;3.0;ATENDIMENTOS NOS TURNOS DA MANHA E A TARDE;;;4000.0;0.0;0.0;0.0;0.0;0.0;0.0;4.0;NAO
3970248;2800303970248;28;280030;;GINO MED MEDICINA ESPECIALIZADA LTDA;GINO MED MEDICINA;;;M;;;M ;MUNICIPAL;4;22;49035660;RUA VILA CRISTINA;268;SAO JOSE;32110923;;;3.0;ATENDIMENTOS NOS TURNOS DA MANHA E A TARDE;2580475000120.0;;2062.0;0.0;0.0;0.0;0.0;0.0;0.0;8.0;NAO
3980960;2800303980960;28;280030;;MARCO AURELIO DE ARAUJO CARVALHO;MARCO AURELIO DE ARAUJO CARVALHO;;;M;;;M ;MUNICIPAL;4;22;49070000;RUA CAMPOS;671;SAO JOSE;;;;1.0;ATENDIMENTO SOMENTE PELA MANHA;;;4000.0;0.0;0.0;0.0;0.0;0.0;0.0;4.0;NAO
3983994;2804503983994;28;280450;;DANCLIN EXAMES ESPECIALIZADOS LTDA;DANCLIN;;;E;;;E ;ESTADUAL;4;39;49680000;RODOVIA ENGENHEIRO JORGE NETO;S/N;CENTRO;3411-1127;;;3.0;ATENDIMENTOS NOS TURNOS DA MANHA E A TARDE;7359866000132.0;DANCLIN@BOL.COM.BR;2240.0;0.0;0.0;0.0;0.0;1.0;0.0;8.0;SIM
4020871;2804004020871;28;280400;;BIOANALISES LABORATORIO DE ANALISES CLINICA LTDA;BIOANALISES;;;E;;;E ;ESTADUAL;4;39;49770000;PRACA JOAO RODRIGUES;07;CENTRO;(79)2751320;;;3.0;ATENDIMENTOS NOS TURNOS DA MANHA E A TARDE;32804452000201.0;;2000.0;0.0;0.0;0.0;0.0;0.0;0.0;4.0;NAO
5012163;2806305012163;28;280630;;CLINICA DE DIAGNOSTICO SANTA LUZIA LTDA ME;BIOEXAME;;;E;;;E ;ESTADUAL;4;39;49230000;PRACA GETULIO VARGAS;94;CENTRO;3548-1459;;;3.0;ATENDIMENTOS NOS TURNOS DA MANHA E A TARDE;5887910000151.0;;2062.0;;;;;0.0;0.0;8.0;SIM
5026881;2800305026881;28;280030;;VERDI FRANCISCO CRUZ;VERDI FRANCISCO CRUZ;;;M;;;M ;MUNICIPAL;4;22;49035660;AV GONCALO ROLLEMBERG;211;SAO JOSE;32111999;;;3.0;ATENDIMENTOS NOS TURNOS DA MANHA E A TARDE;;;4000.0;0.0;0.0;0.0;0.0;0.0;0.0;4.0;NAO
5027152;2800305027152;28;280030;;DIANE GUIMARAES DUARTE;DIANE GUIMARAES DUARTE;;;M;;;M ;MUNICIPAL;4;22;49035660;RUA CAMPO DO BRITO;995;SAO JOSE;79 32176440;;;3.0;ATENDIMENTOS NOS TURNOS DA MANHA E A TARDE;;;4000.0;0.0;0.0;0.0;0.0;0.0;0.0;8.0;NAO
5048249;2802905048249;28;280290;;MIRIAN PASSOS BRANDAO;MIRIAN PASSOS BRANDAO;;;M;;;M ;MUNICIPAL;4;22;49500000;RUA 7 DE SETEMBRO;465;CENTRO;7999580167;;;1.0;ATENDIMENTO SOMENTE PELA MANHA;;;4000.0;0.0;0.0;0.0;0.0;0.0;0.0;10.0;NAO
5048656;2800305048656;28;280030;;SERGIO RICARDO GOMES SILVA;SERGIO RICARDO GOMES SILVA;;;M;;;M ;MUNICIPAL;4;22;49070000;AV GONCALO PRADO ROLLEMBERG;447;SALGADO FILHO;079 99797497;;;3.0;ATENDIMENTOS NOS TURNOS DA MANHA E A TARDE;;;4000.0;0.0;0.0;0.0;0.0;0.0;0.0;10.0;NAO
5083745;2800305083745;28;280030;;G G M ATENDIMENTO PSICOLOGICO E FISIOTERAPEUTICO LTDA;G G M ATENDIMENTO PSICOLOGICO E FISIOTERAPEUTICO;;;M;;;M ;MUNICIPAL;4;22;49015230;AV GONCALO PRADO ROLEMBERG;211;SAO JOSE;32461391;;;5.0;ATENDIMENTO COM TURNOS INTERMITENTES;8020442000101.0;;2062.0;0.0;0.0;0.0;0.0;0.0;0.0;4.0;NAO
5087996;2800305087996;28;280030;;VALFREDO GARCIA CRUZ;VALFREDO GARCIA CRUZ;;;M;;;M ;MUNICIPAL;4;22;49035660;RUA SANTA LUZIA;311;CENTRO;;;;3.0;ATENDIMENTOS NOS TURNOS DA MANHA E A TARDE;;;4000.0;0.0;0.0;0.0;0.0;0.0;0.0;8.0;NAO
5108373;2804505108373;28;280450;13113626000156.0;PREFEITURA MUN DE NOSSA SENHORA DA GLORIA SE;RESIDENCIA TERAPEUTICA SILVIO CESAR PORTELA;;;E;;;E ;ESTADUAL;4;36;49680000;RUA DOMINGO DOS REIS;09;NOVA ESPERANCA;(079)34113099;;;4.0;ATENDIMENTO NOS TURNOS DA MANHA, TARDE E NOITE;;saudegloria@hotmail.com;1000.0;0.0;0.0;0.0;0.0;1.0;0.0;8.0;NAO
5115035;2800305115035;28;280030;;LAB DE ELETROFIS INTERVENC E P DE SERV MED HOSP LTDA;ABLACOR;;;M;;;M ;MUNICIPAL;4;22;49015480;RUA CAMPO DO BRITO;1056;SAO JOSE;79 21067100;;;3.0;ATENDIMENTOS NOS TURNOS DA MANHA E A TARDE;6256419000195.0;;2000.0;0.0;0.0;0.0;0.0;0.0;0.0;4.0;NAO
5125146;2806605125146;28;280660;13110218000140.0;PREFEITURA MUN DE SANTO AMARO;POSTO DE SAUDE DO POV SAPE;;;M;;;M ;MUNICIPAL;4;1;49180000;POVOADO SAPE;S/N;CENTRO;;;;3.0;ATENDIMENTOS NOS TURNOS DA MANHA E A TARDE;;smssantoamaro@hotmail.com;1031.0;0.0;0.0;0.0;0.0;0.0;0.0;4.0;NAO
5125324;2801105125324;28;280110;13115381000104.0;PREFEITURA MUN DE CANHOBA;UNIDADE DE VIGILANCIA EM SAUDE;;;M;;;M ;MUNICIPAL;4;50;49880000;PRACA AMERICO SILVEIRA DA ROCHA;S/N;CENTRO;;;;1.0;ATENDIMENTO SOMENTE PELA MANHA;;;1000.0;;;;;0.0;0.0;4.0;SIM
5131448;2806205131448;28;280620;;EXLAB EXAMES LABORATORIAIS LTDA;EXLAB;;;E;;;E ;ESTADUAL;4;36;49390000;AV JOSIAS CARVALHO;S/N;CENTRO;79-3651-2440;;;3.0;ATENDIMENTOS NOS TURNOS DA MANHA E A TARDE;5401387000292.0;;2062.0;0.0;0.0;0.0;0.0;0.0;0.0;4.0;SIM
5132436;2800305132436;28;280030;;JONAS VIEIRA RAMOS;JONAS VIEIRA RAMOS;;;M;;;M ;MUNICIPAL;4;22;49015190;AV GONCALO ROLLEMBERG LEITE;1490;SUISSA;79 32317965;;;2.0;ATENDIMENTO SOMENTE A TARDE;;;4000.0;0.0;0.0;0.0;0.0;0.0;0.0;10.0;NAO
5134404;2800305134404;28;280030;;MARIA DAS GRACAS OLIVEIRA DE SOUZA ELOY;MARIA DAS GRACAS OLIVEIRA DE SOUZA ELOY;;;M;;;M ;MUNICIPAL;4;22;49035660;PC TOBIAS BARRETO;510;SAO JOSE;;;;2.0;ATENDIMENTO SOMENTE A TARDE;;;4000.0;0.0;0.0;0.0;0.0;0.0;0.0;8.0;NAO
5141931;2800305141931;28;280030;;LAZARO DO NASCIMENTO;LAZARO DO NASCIMENTO;;;M;;;M ;MUNICIPAL;4;22;49015090;RUA SENADOR ROLLEMBERG;695;SAO JOSE;79 32112070;;;2.0;ATENDIMENTO SOMENTE A TARDE;;;4000.0;0.0;0.0;0.0;0.0;0.0;0.0;4.0;NAO
5149797;2800305149797;28;280030;;WELLINGTON SABINO RIBEIRO CHAVES;WELLINGTON SABINO RIBEIRO CHAVES;;;M;;;M ;MUNICIPAL;4;22;49035660;RUA DOM JOSE TOMAS;45;SAO JOSE;79;;;3.0;ATENDIMENTOS NOS TURNOS DA MANHA E A TARDE;;;4000.0;0.0;0.0;0.0;0.0;0.0;0.0;3.0;NAO
5154308;2800305154308;28;280030;;MARIA ANGELICA GUIMARAES MARINHO;MARIA ANGELICA GUIMARAES MARINHO;;;M;;;M ;MUNICIPAL;4;22;49070000;RUA CONSTRUTOR JOAO ALVES;228;SALGADO FILHO;32341000;;;1.0;ATENDIMENTO SOMENTE PELA MANHA;;;4000.0;0.0;0.0;0.0;0.0;0.0;0.0;4.0;NAO
5157552;2800305157552;28;280030;;JOSE AUGUSTO BEZERRA;JOSE AUGUSTO BEZERRA;;;M;;;M ;MUNICIPAL;4;22;49070000;AV STANELY SILVEIRA;73;SAO JOSE;;;;3.0;ATENDIMENTOS NOS TURNOS DA MANHA E A TARDE;;;4000.0;0.0;0.0;0.0;0.0;0.0;0.0;8.0;NAO
5159792;2800305159792;28;280030;;MARIA JAIRA DIAS TAVARES;MARIA JAIRA DIAS TAVARES;;;M;;;M ;MUNICIPAL;4;22;49035660;RUA DOM JOSE TOMAS;45;SAOJOSE;32140444;;;3.0;ATENDIMENTOS NOS TURNOS DA MANHA E A TARDE;;;4000.0;0.0;0.0;0.0;0.0;0.0;0.0;10.0;NAO
5160936;2800305160936;28;280030;;PAULO TARCISIO AZEVEDO MELO;PAULO TARCIZIO AZEVEDO MELO;;;M;;;M ;MUNICIPAL;4;22;49070000;PRACA OLIMPIO CAMPOS;361;CENTRO;;;;3.0;ATENDIMENTOS NOS TURNOS DA MANHA E A TARDE;;;4000.0;0.0;0.0;0.0;0.0;0.0;0.0;10.0;NAO
5173140;2800305173140;28;280030;;DERNIVAL SOUZA FILHO;DERNIVAL SOUZA FILHO;;;M;;;M ;MUNICIPAL;4;22;49070000;RUA PASTOR EUCLIDES ARLINDO;576;CIRURGIA;;;;2.0;ATENDIMENTO SOMENTE A TARDE;;;4000.0;0.0;0.0;0.0;0.0;0.0;0.0;10.0;NAO
5180120;2800305180120;28;280030;;ANTONIO BITTENCOURT DE ALMEIDA;ANTONIO BITTENCOURT DE ALMEIDA;;;M;;;M ;MUNICIPAL;4;22;49045280;RUA BAHIA;945;SIQUEIRA CAMPOS;79 32417447;;;3.0;ATENDIMENTOS NOS TURNOS DA MANHA E A TARDE;;;4000.0;0.0;0.0;0.0;0.0;0.0;0.0;8.0;NAO
5184363;2805105184363;28;280510;;ASSOCIACAO BENEFICENTE DA JUVENTUDE DE PEDRINHAS;ALA JOVEM;;;E;;;E ;ESTADUAL;4;2;49350000;RUA ARGEMIRO FERREIRA DIAS;150;CENTRO;;;;3.0;ATENDIMENTOS NOS TURNOS DA MANHA E A TARDE;1957248000108.0;;3000.0;0.0;0.0;0.0;0.0;1.0;0.0;4.0;NAO
5184444;2800305184444;28;280030;;MARIA JOSE SANTOS CAMPOS;MARIA JOSE SANTOS CAMPOS;;;M;;;M ;MUNICIPAL;4;22;49020240;AV ANIZIO AZEVEDO;675;SALGADO FILHO;;;;3.0;ATENDIMENTOS NOS TURNOS DA MANHA E A TARDE;;;4000.0;0.0;0.0;0.0;0.0;0.0;0.0;8.0;NAO
5185211;2804805185211;28;280480;7057081000105.0;ASSOC DE VOLUNT APOIO PORTADORES T MENTAIS ESTADO DE SERGIPE;BALUARTE;;;M;;;M ;MUNICIPAL;4;2;49160000;RUA 5;9;MARCOS FREIRE I;79-3254-8749;;;4.0;ATENDIMENTO NOS TURNOS DA MANHA, TARDE E NOITE;;;3000.0;0.0;0.0;0.0;0.0;1.0;0.0;4.0;NAO
5187036;2804605187036;28;280460;;ARMANDO DE ARAUJO COSTA FILHO;ARMANDO DE ARAUJO COSTA FILHO;;;E;;;E ;ESTADUAL;4;22;49600000;PCA JAIME FIGUEIREDO LIMA;169;CENTRO;;;;2.0;ATENDIMENTO SOMENTE A TARDE;;;4000.0;0.0;0.0;0.0;0.0;1.0;0.0;4.0;NAO
5195179;2800305195179;28;280030;;LINDETE DE ALMEIDA GAMA;LINDETE DE ALMEIDA GAMA;;;M;;;M ;MUNICIPAL;4;22;49075160;RUA CARLOS CORREIA;390;SIQUEIRA CAMPOS;79 32143452;;;3.0;ATENDIMENTOS NOS TURNOS DA MANHA E A TARDE;;;4000.0;0.0;0.0;0.0;0.0;0.0;0.0;10.0;NAO
5200911;2804605200911;28;280460;;JOSE RAUL GOMES DE MORAES;JOSE RAUL GOMES DE MORAES;;;E;;;E ;ESTADUAL;4;22;49600000;PCA JACKSON FIGUEIREDO LIMA;169;CENTRO;;;;1.0;ATENDIMENTO SOMENTE PELA MANHA;;;4000.0;0.0;0.0;0.0;0.0;0.0;0.0;4.0;NAO
5230497;2800305230497;28;280030;;DEBORA CARLA SILVA DE FREITAS;DEBORA CARLA SILVA DE FREITAS;;;M;;;M ;MUNICIPAL;4;22;49015130;PRACA TOBIAS BARRETO;510;SAO JOSE;;;;3.0;ATENDIMENTOS NOS TURNOS DA MANHA E A TARDE;;;4000.0;0.0;0.0;0.0;0.0;0.0;0.0;10.0;NAO
5242150;2804505242150;28;280450;;ASSOCIACAO DE PROTECAO AOS CARENTES DRA MARIA DO C DO N;ASSOCIACAO DE PROTECAO AOS CARENTES DRA MARIA DO C DO N;;;E;;;E ;ESTADUAL;4;2;49680000;RUA TOBIAS BARRETO;82;BRASILIA;;;;3.0;ATENDIMENTOS NOS TURNOS DA MANHA E A TARDE;13945175000113.0;;3000.0;0.0;0.0;0.0;0.0;1.0;0.0;4.0;NAO
5285429;2800305285429;28;280030;;SYLVIA FERNANDA ANTUNES ALMEIDA;SYLVIA FERNANDA ANTUNES ALMEIDA;;;M;;;M ;MUNICIPAL;4;22;49070000;RUA CAMPOS;671;SAO JOSE;;;;5.0;ATENDIMENTO COM TURNOS INTERMITENTES;;;4000.0;0.0;0.0;0.0;0.0;0.0;0.0;4.0;NAO
5345014;2800605345014;28;280060;13128863000190.0;PREFEITURA MUN DE BARRA DOS COQUEIROS;USF PETHERSON MOURA TELES;;;M;;;M ;MUNICIPAL;4;2;49140000;RUA A;185;HILDETE F BATISTA;(79)3262-1980;;;3.0;ATENDIMENTOS NOS TURNOS DA MANHA E A TARDE;;sbarradoscoqueiros@yahoo.com.b;1000.0;0.0;0.0;0.0;0.0;1.0;0.0;4.0;SIM
5345049;2800605345049;28;280060;13128863000190.0;PREFEITURA MUN DE BARRA DOS COQUEIROS;USF LUIS FRANCISCO ARAUJO;;;M;;;M ;MUNICIPAL;4;2;49140000;RUA SANTO ANDRE;271;OLIMAR;(79)3262-2602;;;3.0;ATENDIMENTOS NOS TURNOS DA MANHA E A TARDE;;sbarradoscoqueiros@yahoo.com.b;1000.0;0.0;0.0;0.0;0.0;1.0;0.0;7.0;SIM
5431190;2800305431190;28;280030;;DERCILIO E SYLVIA UROLOGIA E GINECOLOGIA OBSTETRICIA;DERCILIO E SYLVIA UROLOGIA E GINECOLOGIA OBSTETRICIA LTDA;;;M;;;M ;MUNICIPAL;4;22;49015220;RUA CAMPOS;671;SAO JOSE;79-3044-0714;;;3.0;ATENDIMENTOS NOS TURNOS DA MANHA E A TARDE;8684135000125.0;;2062.0;0.0;0.0;0.0;0.0;0.0;0.0;10.0;NAO
5434912;2802705434912;28;280270;13111224000112.0;SECRETARIA MUN DE SAUDE DE ILHA DAS FLORES;UNIDADE DE VIGILANCIA SANITARIA DE ILHA DAS FLORES;;;M;;;M ;MUNICIPAL;4;50;49990000;PRACA SAO ROQUE;115;CENTRO;(79) 3377-1136;;;3.0;ATENDIMENTOS NOS TURNOS DA MANHA E A TARDE;;sms_ilha@yahoo.com.br;1000.0;;;;;0.0;0.0;4.0;NAO
5450241;2804505450241;28;280450;;LABIG LABORATORIO BIOMEDICO GLORIENSE LTDA;CLINICA LABIG LTDA;;;E;;;E ;ESTADUAL;4;39;49680000;AV 7 DE SETEMBRO;30;CENTRO;(79) 3411-2764;;;3.0;ATENDIMENTOS NOS TURNOS DA MANHA E A TARDE;15600521000157.0;;2000.0;0.0;0.0;0.0;0.0;1.0;0.0;4.0;NAO
5465419;2800305465419;28;280030;13128780000878.0;SECRETARIA MUNICIPAL DE SAUDE ARACAJU;FARMACIA POPULAR DO BRASIL ARACAJU;;;M;;;M ;MUNICIPAL;4;43;49010180;ESTANCIA;772;CENTRO;32116450;;;3.0;ATENDIMENTOS NOS TURNOS DA MANHA E A TARDE;13128780009239.0;;1031.0;;;;;0.0;0.0;8.0;NAO
5465680;2800305465680;28;280030;;KLEBERTON CESAR SIQUEIRA SANTANA;KLEBERTON CESAR SIQUEIRA SANTANA;;;M;;;M ;MUNICIPAL;4;22;49035660;AV GONCALO PRADO ROLLEMBERG;460;SAO JOSE;32553850;;;3.0;ATENDIMENTOS NOS TURNOS DA MANHA E A TARDE;;;4000.0;0.0;0.0;0.0;0.0;0.0;0.0;8.0;NAO
5494664;2804805494664;28;280480;;CLIRAS LABORATORIO DE ANALISES CLINICAS LTDA;CLIRAS LABORATORIO;;;M;;;M ;MUNICIPAL;4;4;49160000;AV PRINCIPAL;200;JOAO ALVES;79-3042-0068;;;1.0;ATENDIMENTO SOMENTE PELA MANHA;8898782000210.0;;2062.0;0.0;0.0;0.0;0.0;0.0;0.0;8.0;SIM
5499585;2801505499585;28;280150;;CLIMET CLINICA DE MEDICINA DE TRAFEGO LTDA;CLIMET;;;E;;;E ;ESTADUAL;4;36;49740000;RUA ALVARO TELES DO BONFIM;140;CENTRO;79-3277-1060;;;3.0;ATENDIMENTOS NOS TURNOS DA MANHA E A TARDE;5736601000423.0;dr.jps@hotmail.com;2000.0;0.0;0.0;0.0;0.0;0.0;0.0;4.0;NAO
5500249;2801205500249;28;280120;13120225000123.0;PREFEITURA MUNICIPAL DE CANINDE DE SAO FRANCISCO;UNIDADE DE SAUDE DA FAMILIA ELVIRA EUNICE FERREIRA;;;M;;;M ;MUNICIPAL;4;2;49820000;PRACA JORGE VALENCA;S/N;CAPIM GROSSO;79 33461960;;;3.0;ATENDIMENTOS NOS TURNOS DA MANHA E A TARDE;;smscaninde.se@gmail.com;1000.0;0.0;0.0;0.0;0.0;1.0;0.0;4.0;SIM
5524520;2805705524520;28;280570;;ASSOCIACAO DO RECANTO DO IDOSO PEDRO PAES MENDONCA;RECANTO DO IDOSO PEDRO PAES MENDONCA;;;E;;;E ;ESTADUAL;4;22;49900000;RUA ELMIRO COSTA;S/N;FERNANDES;79-9983-0442;;;3.0;ATENDIMENTOS NOS TURNOS DA MANHA E A TARDE;13374293000119.0;;3999.0;0.0;0.0;0.0;0.0;1.0;0.0;8.0;NAO
5550688;2806105550688;28;280610;;GEORADAR LEVANTAMENTOS GEOFISICOS S A;GEORADAR;;;M;;;M ;MUNICIPAL;4;22;49760000;FAZENDA SANTA BARBARA;S/N;ZONA RURAL;;;;3.0;ATENDIMENTOS NOS TURNOS DA MANHA E A TARDE;3087282000609.0;;2054.0;0.0;0.0;0.0;0.0;1.0;0.0;8.0;NAO
5583004;2800305583004;28;280030;;MARGARETE HORA BATISTA MENESES;MARGARETE HORA BATISTA MENESES;;;M;;;M ;MUNICIPAL;4;22;49010410;AV GONCALO PRADO ROLEMBERG CM JOSE AUGUSTO BARRETO;211;SAO JOSE;;;;3.0;ATENDIMENTOS NOS TURNOS DA MANHA E A TARDE;;;4000.0;0.0;0.0;0.0;0.0;0.0;0.0;4.0;NAO
5617928;2806105617928;28;280610;;COMPANHIA VALE DO RIO DOCE;CVRD;;;E;;;E ;ESTADUAL;4;22;49760000;ESTRADA SE 206;0;CAMPO DE SANTA BARBA;79-3274-6395;;;3.0;ATENDIMENTOS NOS TURNOS DA MANHA E A TARDE;33592510044364.0;;2000.0;0.0;0.0;0.0;0.0;1.0;0.0;4.0;NAO
5678161;2804805678161;28;280480;;ALPHA CLINICA DE FISIOTERAPIA E RAIO X LTDA;ALPHA CLINICA DE FISIOTERAPIA E RAIO X;;;M;;;M ;MUNICIPAL;4;4;49160000;AVENIDA 1;655;JOAO ALVES FILHO;32569418;;;3.0;ATENDIMENTOS NOS TURNOS DA MANHA E A TARDE;9246767000170.0;;2062.0;0.0;0.0;0.0;0.0;0.0;0.0;8.0;SIM
5702216;2804405702216;28;280440;;GLAMED CENTRO DE DIAGNOSTICO LTDA;GLAMED CENTRO DE DIAGNOSTICO;;;E;;;E ;ESTADUAL;4;39;49980000;RUA MAJOR GOMES ASSUNCAO;426;CENTRO;79-3344-1561;;;3.0;ATENDIMENTOS NOS TURNOS DA MANHA E A TARDE;7100360000104.0;glamed.neopolis@bol.com.br;2062.0;;;;;0.0;0.0;8.0;NAO
5726875;2800305726875;28;280030;;CRISTIANO GAUJAC;CRISTIANO GAUJAC;;;M;;;M ;MUNICIPAL;4;22;49026010;AV MINISTRO GERALDO BARRETO SOBRAL;2131;GRAGERU;32317136;;;3.0;ATENDIMENTOS NOS TURNOS DA MANHA E A TARDE;;;4000.0;0.0;0.0;0.0;0.0;0.0;0.0;4.0;NAO
5733006;2804405733006;28;280440;;REABILITAR CENTRO DE FISIOTERAPIA LTDA;REABILITAR CLINICA DE FISIOTERAPIA;;;E;;;E ;ESTADUAL;4;36;49980000;AV JOSE ODIN RIBEIRO;791;CENTRO;031-79-3344-2387;;;3.0;ATENDIMENTOS NOS TURNOS DA MANHA E A TARDE;6934952000169.0;;2062.0;0.0;0.0;0.0;0.0;0.0;0.0;8.0;NAO
5844649;2804805844649;28;280480;5505616000138.0;ASSOCIACAO DE PARENTES E AMIGOS DA SAUDE MENTAL N S SOCORRO;ESPERANCA;;;M;;;M ;MUNICIPAL;4;2;49160000;RUA 15;07;MARCOS FREIRE I;;;;4.0;ATENDIMENTO NOS TURNOS DA MANHA, TARDE E NOITE;;;3000.0;0.0;0.0;0.0;0.0;1.0;0.0;4.0;NAO
5853303;2800305853303;28;280030;;CAROLINA DE PAULA RIBEIRO BORGES;CAROLINA DE PAULA RIBEIRO BORGES;;;M;;;M ;MUNICIPAL;4;22;49015040;AV BARAO DE MARUIM;831;SAO JOSE;79-3214-3801;;;3.0;ATENDIMENTOS NOS TURNOS DA MANHA E A TARDE;;;4000.0;0.0;0.0;0.0;0.0;0.0;0.0;10.0;NAO
5876230;2804105876230;28;280410;;ASSOCIACAO DE ASSISTENCIA SOCIAL JOSIAS COSTA;ASSOCIACAO DE ASSISTENCIA SOCIAL JOSIAS COSTA;;;E;;;E ;ESTADUAL;4;22;49560000;RUA JOAO RODRIGUES;74;CENTRO;79-3453-1260;;;3.0;ATENDIMENTOS NOS TURNOS DA MANHA E A TARDE;3836493000192.0;;3999.0;0.0;0.0;0.0;0.0;0.0;0.0;8.0;NAO
5877598;2804505877598;28;280450;13113626000156.0;PREFEITURA MUNICIPAL DE NOSSA SENHORA DA GLORIA;U S F DE NOVO HORIZONTE;;;M;;;M ;MUNICIPAL;4;2;49680000;RODOVIA ENG JORGE NETE;S/N;COHAB;7934111245;;;3.0;ATENDIMENTOS NOS TURNOS DA MANHA E A TARDE;;saudegloria@hotmail.com;1000.0;0.0;0.0;0.0;0.0;1.0;0.0;4.0;SIM
5889693;2800305889693;28;280030;;ANTONIO LEONEL NERY;ANTONIO LEONEL NERY;;;M;;;M ;MUNICIPAL;4;22;49010150;RUA PACATUBA;254;CENTRO;;;;5.0;ATENDIMENTO COM TURNOS INTERMITENTES;;;4000.0;0.0;0.0;0.0;0.0;0.0;0.0;4.0;NAO
5916615;2801505916615;28;280150;33000167000101.0;PETROLEO BRASILEIRO S A PETROBRAS;PETROBRAS;;;E;;;E ;ESTADUAL;4;22;49740000;ENGENHEIRO SOLEDADE BR 101;S/N;ZONA RURAL;;;;3.0;ATENDIMENTOS NOS TURNOS DA MANHA E A TARDE;33000167081438.0;;2038.0;0.0;0.0;0.0;0.0;1.0;0.0;8.0;NAO
5917085;2800305917085;28;280030;;PHILIP EDWARD BOGGISS;PHILIP EDWARD BOGGISS;;;M;;;M ;MUNICIPAL;4;22;49020340;RUA CONSTRUTOR JOAO ALVES;228;SAO JOSE;21059900;;;3.0;ATENDIMENTOS NOS TURNOS DA MANHA E A TARDE;;;4000.0;0.0;0.0;0.0;0.0;0.0;0.0;8.0;NAO
5950015;2806705950015;28;280670;;MARIA DE FATIMA LEITE NUNES BAPTISTA;MARIA DE FATIMA LEITE NUNES BAPTISTA;;;E;;;E ;ESTADUAL;4;22;49100000;RUA 60;79;ROSA ELZE;9999--0598;;;3.0;ATENDIMENTOS NOS TURNOS DA MANHA E A TARDE;;;4000.0;0.0;0.0;0.0;0.0;0.0;0.0;8.0;NAO
5966965;2802905966965;28;280290;;THAYANNE MONTEIRO RAMOS;THAYANNE MONTEIRO RAMOS;;;M;;;M ;MUNICIPAL;4;22;49500000;TRAVESSA PAULINO MENEZES;09;CENTRO;7934312408;;;3.0;ATENDIMENTOS NOS TURNOS DA MANHA E A TARDE;;thayannemramos@hotmail.com;4000.0;0.0;0.0;0.0;0.0;0.0;0.0;4.0;NAO
5971128;2805705971128;28;280570;;INSTITUTO REABILITAR SE LTDA;INSTITUTO REABILITAR SE;;;E;;;E ;ESTADUAL;4;4;49900000;RUA GETULIO VARGAS;266;CENTRO;82-9900-2122;;;3.0;ATENDIMENTOS NOS TURNOS DA MANHA E A TARDE;9608102000169.0;;2062.0;0.0;0.0;0.0;0.0;1.0;0.0;8.0;NAO
5978661;2805305978661;28;280530;;CENTRO DE ANALISE LABORATORIAL DE SERGIPE;LAB VIDA;;;E;;;E ;ESTADUAL;4;39;49190970;RUA MARIO TRINDADE;133;CENTRO;(79)3379-1254;;;3.0;ATENDIMENTOS NOS TURNOS DA MANHA E A TARDE;9618386000174.0;;2062.0;;;;;0.0;0.0;8.0;NAO
6002803;2801406002803;28;280140;;LABORATORIO DE ANALISES CLINICAS DE CARIRA LTDA;BIOLACLIN;;;M;;;M ;MUNICIPAL;4;39;49550000;PCA JOSE DURVAL MATOS;146;CENTRO;;;;3.0;ATENDIMENTOS NOS TURNOS DA MANHA E A TARDE;5765994000150.0;;2062.0;;;;;0.0;0.0;8.0;NAO
6004490;2804506004490;28;280450;7489901000138.0;NATCLIN SERVICOS LABORATORIAIS LTDA ME;NATCLIN GLORIA;;;E;;;E ;ESTADUAL;4;39;49680000;RUA PRINCESA ISABEL;216;CENTRO;79-3411-2068;;;3.0;ATENDIMENTOS NOS TURNOS DA MANHA E A TARDE;7489901000219.0;;2062.0;0.0;0.0;0.0;0.0;0.0;0.0;8.0;SIM
6005322;2806106005322;28;280610;;OLIVEIRA CENTRO DIAGNOSTICO LTDA;OLIVEIRA CENTRO DIAGNOSTICO;;;M;;;M ;MUNICIPAL;4;39;49760000;PRACA CLODOALDO PASSOS;205;CENTRO;79-3274-1482;;;3.0;ATENDIMENTOS NOS TURNOS DA MANHA E A TARDE;8573643000136.0;;2062.0;;;;;0.0;0.0;8.0;NAO
6033113;2802106033113;28;280210;;GH SAUDE LTDA;GH SAUDE;;;M;;;M ;MUNICIPAL;4;39;49200000;CAMERINO;230;CENTRO;79 35227777;;;3.0;ATENDIMENTOS NOS TURNOS DA MANHA E A TARDE;17473447000180.0;;2062.0;0.0;0.0;0.0;0.0;0.0;0.0;4.0;NAO
6036449;2804806036449;28;280480;;RACHEL MOTTA MELO;DENTECLIN;;;M;;;M ;MUNICIPAL;4;22;49160000;AV 1;326;JOAO ALVES FILHO;;;;3.0;ATENDIMENTOS NOS TURNOS DA MANHA E A TARDE;;;4000.0;0.0;0.0;0.0;0.0;0.0;0.0;4.0;NAO
6159745;2806706159745;28;280670;;RAMOS LIMA CONSULTORIO ODONTOLOGICO LTDA;CONSULTORIO ODONTOLOGICO DR TAMARA RAMOS LIMA;;;E;;;E ;ESTADUAL;4;22;49100971;RUA 64;11;ROSA ELZE CONJ ED;;;;3.0;ATENDIMENTOS NOS TURNOS DA MANHA E A TARDE;9258457000175.0;;2062.0;0.0;0.0;0.0;0.0;0.0;0.0;8.0;NAO
6224008;2803506224008;28;280350;5000601000118.0;PREFEITURA MUNICIPAL DE LAGARTO;POSTO DE SAUDE POVOADO ITAPERINHA;;;M;;;M ;MUNICIPAL;4;1;49400000;POVOADO ITAPERINHA;10;ZONA RURAL;;;;3.0;ATENDIMENTOS NOS TURNOS DA MANHA E A TARDE;;;1031.0;0.0;0.0;0.0;0.0;0.0;0.0;4.0;NAO
6231934;2804806231934;28;280480;13128814000158.0;PREFEITURA MUNICIPAL DE NOSSA SENHORA DO SOCORRO;CASA ACONCHEGO;;;M;;;M ;MUNICIPAL;4;2;49160000;RUA FRANCISCO SOUZA AGUIAR;931;TAICOCA;7999926297;;;3.0;ATENDIMENTOS NOS TURNOS DA MANHA E A TARDE;;edjane.leite@hotmail.com;1244.0;0.0;0.0;0.0;0.0;1.0;0.0;4.0;NAO
6231942;2804806231942;28;280480;13128814000158.0;PREFEITURA MUNICIPAL DE NOSSA SENHORA DO SOCORRO;CASA HARMONIA;;;M;;;M ;MUNICIPAL;4;2;49160000;RUA FRANCISCO SOUZA AGUIAR;931;TAICOCA;(79)99926297;;;3.0;ATENDIMENTOS NOS TURNOS DA MANHA E A TARDE;;edjane.leite@hotmail.com;1244.0;0.0;0.0;0.0;0.0;1.0;0.0;4.0;NAO
6231950;2804806231950;28;280480;13128814000158.0;PREFEITURA MUNICIPAL DE NOSSA SENHORA DO SOCORRO;CASA FELICIDADE;;;M;;;M ;MUNICIPAL;4;2;49160000;RUA FRANCISCO SOUZA AGUIAR;931;TAICOCA;7999926297;;;3.0;ATENDIMENTOS NOS TURNOS DA MANHA E A TARDE;;edjane.leite@hotmail.com;1244.0;0.0;0.0;0.0;0.0;1.0;0.0;4.0;NAO
6247091;2806706247091;28;280670;;MARIA JOSILENE DE MENESES SANTOS;CONSULTORIO ODONTOLOGICO;;;E;;;E ;ESTADUAL;4;22;49100000;RUA PEDRO PEREIRA PRADO;77;CENTRO;;;;3.0;ATENDIMENTOS NOS TURNOS DA MANHA E A TARDE;;mjdms@uol.com.br;4000.0;0.0;0.0;0.0;0.0;0.0;0.0;8.0;NAO
6257070;2805706257070;28;280570;;CENTRO MEDICO DE PROPRIA LTDA;CLINICA DE OLHOS;;;E;;;E ;ESTADUAL;4;36;49900000;RUA LOPES TROVAO;210;CENTRO;79-3322-1775;;;3.0;ATENDIMENTOS NOS TURNOS DA MANHA E A TARDE;2063988000163.0;;2000.0;0.0;0.0;0.0;0.0;0.0;0.0;4.0;NAO
6281664;2804806281664;28;280480;;TAVEX BRASIL S A;TAVEX BRASIL S A;;;M;;;M ;MUNICIPAL;4;22;49160000;BR 101 KM 86;S/N;RURAL;;;;4.0;ATENDIMENTO NOS TURNOS DA MANHA, TARDE E NOITE;61520607001320.0;;2054.0;0.0;0.0;0.0;0.0;0.0;0.0;10.0;NAO
6295266;2800306295266;28;280030;;GEYDSON SILVEIRA DA CRUZ;GEYDSON SILVEIRA DA CRUZ;;;M;;;M ;MUNICIPAL;4;22;49010000;RUA GUILHERMINO RESENDE;61;SAO JOSE;32222525;;;3.0;ATENDIMENTOS NOS TURNOS DA MANHA E A TARDE;;;4000.0;0.0;0.0;0.0;0.0;0.0;0.0;10.0;NAO
6300596;2800306300596;28;280030;;DANIELA DA MOTA COELHO;DANIELA DA MOTA COELHO;;;M;;;M ;MUNICIPAL;4;22;49010000;PCA DA BANDEIRA;465;CENTRO;3211-6636;;;3.0;ATENDIMENTOS NOS TURNOS DA MANHA E A TARDE;;;4000.0;0.0;0.0;0.0;0.0;0.0;0.0;8.0;NAO
6300898;2800306300898;28;280030;;DAYSE SILVEIRA DOS ANJOS;DAYSE SILVEIRA DOS ANJOS;;;M;;;M ;MUNICIPAL;4;22;49015130;PCA TOBIAS BARRETO;510;SAO JOSE;3211-9533;;;3.0;ATENDIMENTOS NOS TURNOS DA MANHA E A TARDE;;;4000.0;0.0;0.0;0.0;0.0;0.0;0.0;8.0;NAO
6308643;2800306308643;28;280030;;FABIO MARCONDE PEREIRA DE SOUZA;FABIO MARCONDE PEREIRA DE SOUZA;;;M;;;M ;MUNICIPAL;4;22;49010000;RUA CAMPOS;64;SAO JOSE;2107-4600;;;3.0;ATENDIMENTOS NOS TURNOS DA MANHA E A TARDE;;;4000.0;0.0;0.0;0.0;0.0;0.0;0.0;4.0;NAO
6384773;2804406384773;28;280440;;ASSOCIACAO DOS AMIGOS DO BAIXO SAO FRANCISCO;AADEBASF;;;E;;;E ;ESTADUAL;4;36;49980000;RUA ALBERTO VAZ;94;CENTRO;82-9919-5555;;;3.0;ATENDIMENTOS NOS TURNOS DA MANHA E A TARDE;10657128000186.0;;3999.0;0.0;0.0;0.0;0.0;0.0;0.0;8.0;NAO
6429270;2803306429270;28;280330;;CONSULTORIO ODONTOLOGICO DRA KATIA JUSSARA;CONSULTORIO ODONTOLOGICO DRA KATIA JUSSARA;;;E;;;E ;ESTADUAL;4;22;49960000;PRACA PADRE CAIO TAVARES;124;CENTRO;(079) 3272-2067;;;3.0;ATENDIMENTOS NOS TURNOS DA MANHA E A TARDE;;katia-ju@hotmail.com;4000.0;0.0;0.0;0.0;0.0;0.0;0.0;8.0;NAO
6465366;2804806465366;28;280480;;VALERIA NOIA RIBEIRO ME;ODONTO 7;;;M;;;M ;MUNICIPAL;4;4;49160000;AV A;133;MARCOS FREIRE II;7932543520;;;3.0;ATENDIMENTOS NOS TURNOS DA MANHA E A TARDE;10832461000184.0;;2135.0;0.0;0.0;0.0;0.0;0.0;0.0;4.0;NAO
6466842;2803506466842;28;280350;;SECRETARIA MUNICIPAL DE SAUDE;FARMACIA POPULAR DO BRASIL DE LAGARTO;;;M;;;M ;MUNICIPAL;4;43;49400000;RUA MANOEL DE PAULA LIMA;95;CENTRO;(79) 36311224;;;3.0;ATENDIMENTOS NOS TURNOS DA MANHA E A TARDE;5000601000207.0;FPB-LAGARTONOVA@FIOCRUZ.BR;1031.0;;;;;1.0;0.0;10.0;NAO
6521266;2805506521266;28;280550;;LAZARA MIMARIA SANTANA;CLINICA SAO LAZARO;;;M;;;M ;MUNICIPAL;4;80;49490000;AV EPIFANIO DORIA;188;CENTRO;(79)3549-1278;;;3.0;ATENDIMENTOS NOS TURNOS DA MANHA E A TARDE;8896016000217.0;LAZARASANTANA@OI.COM.BR;2135.0;;;;;0.0;0.0;4.0;SIM
6639380;2807406639380;28;280740;;KDOCTOR PRESTACAO DE SERVICOS MED E ODONTO LTDA;CEDIME;;;E;;;E ;ESTADUAL;4;36;49300000;AV SETE DE JUNHO;648;CENTRO;;;;5.0;ATENDIMENTO COM TURNOS INTERMITENTES;3101038000220.0;;2062.0;0.0;0.0;0.0;0.0;0.0;0.0;8.0;NAO
6642446;2800306642446;28;280030;;COMUNIDADE CATOLICA SERVOS E SERVAS DA SANTISSIMA TRINDADE;COMUNIDADE CATOLICA SERVOS E SERVAS DA SANTISSIMA TRINDADE;;;M;;;M ;MUNICIPAL;4;22;49044030;RUA B 4;267;SANTA MARIA;(79)3248-0806;;;3.0;ATENDIMENTOS NOS TURNOS DA MANHA E A TARDE;949178000183.0;;3999.0;0.0;0.0;0.0;0.0;0.0;0.0;4.0;NAO
6656722;2800306656722;28;280030;;RODRIGO ORLANDO NABUCO TEIXEIRA;RODRIGO ORLANDO NABUCO TEIXEIRA;;;M;;;M ;MUNICIPAL;4;22;49035190;RUA FREI PAULO;331;SUISSA;32461400;;;3.0;ATENDIMENTOS NOS TURNOS DA MANHA E A TARDE;;;4000.0;0.0;0.0;0.0;0.0;0.0;0.0;4.0;NAO
6675794;2802106675794;28;280210;;CENTRO DIAGNOSTICOS CONSULTAS E LABORATORIOLTDA EPP;CENTRO DIAGNOSTICOS ALTO SERTAO;;;M;;;M ;MUNICIPAL;4;39;49200000;PRACA JACKSON DE FIGUEIREDO;45;CENTRO;(79) 9838-4044;;;3.0;ATENDIMENTOS NOS TURNOS DA MANHA E A TARDE;6232345000238.0;ceicaalencar@hotmail.com;2305.0;0.0;0.0;0.0;0.0;0.0;0.0;4.0;NAO
6755399;2800306755399;28;280030;;FUNDACAO SAO LUCAS;FUNDACAO SAO LUCAS;;;M;;;M ;MUNICIPAL;4;36;49015400;AV STANLEY SILVEIRA;73;SAO JOSE;3214-4400;;;7.0;ATENDIMENTO SOMENTE A NOITE;15083884000162.0;;3069.0;0.0;0.0;0.0;0.0;0.0;0.0;7.0;NAO
6825397;2804506825397;28;280450;;AMOS E SIDNEY SERVICOS MEDICOS LTDA ME;CLINICA SAGRADA FAMILIA;;;E;;;E ;ESTADUAL;4;4;49680000;AV LOURIVAL BATISTA;157;CENTRO;79 34111200;;;3.0;ATENDIMENTOS NOS TURNOS DA MANHA E A TARDE;8586243000165.0;;2062.0;0.0;0.0;0.0;0.0;0.0;0.0;8.0;NAO
6884733;2806506884733;28;280650;13109954000189.0;PREFEITURA MUNICIPAL DE SANTA ROSA DE LIMA;ACADEMIA DE SAUDE;;;M;;;M ;MUNICIPAL;4;74;49640000;RUA MANOEL ALVES TORRES;S/N;CENTRO;;;;3.0;ATENDIMENTOS NOS TURNOS DA MANHA E A TARDE;;SAUDE.SANTAROSA@YAHOO.COM.BR;1244.0;;;;;1.0;0.0;7.0;NAO
6886221;2807406886221;28;280740;13119300000136.0;PREFEITURA MUNICIPAL DE TOBIAS BARRETO;PRATIQUE SAUDE PRACA DA BANDEIRA;;;M;;;M ;MUNICIPAL;4;74;49300000;PRACA DA BANDEIRA;S/N;CENTRO;(79)35411301;;;3.0;ATENDIMENTOS NOS TURNOS DA MANHA E A TARDE;;saude@tobiasbarreto.gov.br;1244.0;;;;;1.0;0.0;8.0;NAO
6886248;2807406886248;28;280740;13119300000136.0;PREFEITURA MUNICIPAL DE TOBIAS BARRETO;PRATIQUE SAUDE SAMAMBAIA I;;;M;;;M ;MUNICIPAL;4;74;49300000;PRACA DR JOSE AIRTON DE ANDRADE;S/N;ZONA RURAL;(79)35411301;;;3.0;ATENDIMENTOS NOS TURNOS DA MANHA E A TARDE;;saude@tobiasbarreto.org.br;1244.0;;;;;1.0;0.0;8.0;NAO
6941885;2800306941885;28;280030;11718406000120.0;SECRETARIA MUNICIPAL DE SAUDE DE ARACAJU;CENTRAL DE REGULACAO MEDICA DAS URGENCIAS DE ARACAJU;;;M;;;M ;MUNICIPAL;4;76;49035660;RUA SERGIPE;01;SIQUEIRA CAMPOS;31791085;;;3.0;ATENDIMENTOS NOS TURNOS DA MANHA E A TARDE;;;1201.0;;;;;0.0;0.0;8.0;NAO
6947697;2800306947697;28;280030;11718406000120.0;SECRETARIA MUNICIPAL DE SAUDE DE ARACAJU;SAMU 192 ARACAJU NVJ7567;;;M;;;M ;MUNICIPAL;4;42;49075540;RUA SERGIPE;1310;SIQUEIRA CAMPOS;;;;6.0;ATENDIMENTO CONTINUO DE 24 HORAS/DIA (PLANTAO:INCLUI SABADOS, DOMINGOS E FERIADOS);;;1201.0;;;;;0.0;0.0;8.0;NAO
6947719;2800306947719;28;280030;11718406000120.0;SECRETARIA MUNICIPAL DE SAUDE DE ARACAJU;SAMU 192 ARACAJU NVJ7557;;;M;;;M ;MUNICIPAL;4;42;49075540;RUA SERGIPE;1310;SIQUEIRA DE CAMPOS;;;;6.0;ATENDIMENTO CONTINUO DE 24 HORAS/DIA (PLANTAO:INCLUI SABADOS, DOMINGOS E FERIADOS);;;1201.0;;;;;0.0;0.0;8.0;NAO
6947727;2800306947727;28;280030;11718406000120.0;SECRETARIA MUNICIPAL DE SAUDE ARACAJU;SAMU 192 ARACAJU NVJ7397;;;M;;;M ;MUNICIPAL;4;42;49075540;RUA SERGIPE;1310;SIQUEIRA CAMPOS;;;;6.0;ATENDIMENTO CONTINUO DE 24 HORAS/DIA (PLANTAO:INCLUI SABADOS, DOMINGOS E FERIADOS);;;1201.0;;;;;0.0;0.0;8.0;NAO
6947735;2800306947735;28;280030;11718406000120.0;SECRETARIA MUNICIPAL DE SAUDE DE ARACAJU;SAMU 192 ARACAJU NVJ7367;;;M;;;M ;MUNICIPAL;4;42;49075540;RUA SERGIPE;1310;SIQUEIRA CAMPOS;;;;6.0;ATENDIMENTO CONTINUO DE 24 HORAS/DIA (PLANTAO:INCLUI SABADOS, DOMINGOS E FERIADOS);;;1201.0;;;;;0.0;0.0;8.0;NAO
6947778;2800306947778;28;280030;11718406000120.0;SECRETARIA MUNICIPAL DE SAUDE DE ARACAJU;SAMU 192 ARACAJU NVJ7517;;;M;;;M ;MUNICIPAL;4;42;49075540;RUA SERGIPE;1310;SIQUEIRA CAMPOS;192;;;3.0;ATENDIMENTOS NOS TURNOS DA MANHA E A TARDE;;;1201.0;;;;;0.0;0.0;8.0;NAO
6947786;2800306947786;28;280030;11718406000120.0;SECRETARIA MUNICIPAL DE SAUDE DE ARACAJU;SAMU 192 ARACAJU NVJ7087;;;M;;;M ;MUNICIPAL;4;42;49075540;RUA SERGIPE;1310;SIQUEIRA CAMPOS;;;;6.0;ATENDIMENTO CONTINUO DE 24 HORAS/DIA (PLANTAO:INCLUI SABADOS, DOMINGOS E FERIADOS);;;1201.0;;;;;0.0;0.0;8.0;NAO
6955223;2800306955223;28;280030;11718406000120.0;SECRETARIA MUNICPAL DE SAUDE DE ARACAJU;SAMU 192 ARACAJU NVL0347 MOTO;;;M;;;M ;MUNICIPAL;4;42;49075540;RUA SERGIPE;1310;SIQUEIRA CAMPOS;;;;6.0;ATENDIMENTO CONTINUO DE 24 HORAS/DIA (PLANTAO:INCLUI SABADOS, DOMINGOS E FERIADOS);;;1201.0;;;;;0.0;0.0;8.0;NAO
6955231;2800306955231;28;280030;11718406000120.0;SECRETARIA MUNICIPAL DE SAUDE DE ARACAJU;SAMU 192 ARACAJU NVL0307 MOTO;;;M;;;M ;MUNICIPAL;4;42;49075540;RUA SERGIPE;1310;SIQUEIRA CAMPOS;;;;6.0;ATENDIMENTO CONTINUO DE 24 HORAS/DIA (PLANTAO:INCLUI SABADOS, DOMINGOS E FERIADOS);;;1201.0;;;;;0.0;0.0;8.0;NAO
6955258;2800306955258;28;280030;11718406000120.0;SECRETARIA MUNICIPAL DE SAUDE DE ARACAJU;SAMU 192 ARACAJU OEJ1659 MOTO;;;M;;;M ;MUNICIPAL;4;42;49075540;RUA SERGIPE;1310;SIQUEIRA CAMPOS;;;;6.0;ATENDIMENTO CONTINUO DE 24 HORAS/DIA (PLANTAO:INCLUI SABADOS, DOMINGOS E FERIADOS);;;1201.0;;;;;0.0;0.0;8.0;NAO
6955274;2800306955274;28;280030;11718406000120.0;SECRETARIA MUNICIPAL DE SAUDE DE ARACAJU;SAMU 192 ARACAJU OEM1808 MOTO;;;M;;;M ;MUNICIPAL;4;42;49075540;RUA SERGIPE;1310;SIQUEIRA CAMPOS;;;;6.0;ATENDIMENTO CONTINUO DE 24 HORAS/DIA (PLANTAO:INCLUI SABADOS, DOMINGOS E FERIADOS);;;1201.0;;;;;0.0;0.0;8.0;NAO
6955290;2800306955290;28;280030;11718406000120.0;SECRETARIA MUNICIPAL DE SAUDE DE ARACAJU;SAMU 192 ARACAJU OEM1918 MOTO;;;M;;;M ;MUNICIPAL;4;42;49075540;RUA SERGIPE;1310;SIQUEIRA CAMPOA;;;;6.0;ATENDIMENTO CONTINUO DE 24 HORAS/DIA (PLANTAO:INCLUI SABADOS, DOMINGOS E FERIADOS);;;1201.0;;;;;0.0;0.0;8.0;NAO
6955398;2800306955398;28;280030;11718406000120.0;SECRETARIA MUNICIPAL DE SAUDE DE ARACAJU;SAMU 192 ARACAJU NVJ7497;;;M;;;M ;MUNICIPAL;4;42;49075540;RUA SERGIPE;1310;SIQUEIRA CAMPOS;;;;6.0;ATENDIMENTO CONTINUO DE 24 HORAS/DIA (PLANTAO:INCLUI SABADOS, DOMINGOS E FERIADOS);;;1201.0;;;;;0.0;0.0;8.0;NAO
6955428;2800306955428;28;280030;11718406000120.0;SECRETARIA MUNICIPAL DE SAUDE DE ARACAJU;SAMU 192 ARACAJU NVJ7457;;;M;;;M ;MUNICIPAL;4;42;49075540;RUA SERGIPE;1310;SIQUEIRA CAMPOS;;;;6.0;ATENDIMENTO CONTINUO DE 24 HORAS/DIA (PLANTAO:INCLUI SABADOS, DOMINGOS E FERIADOS);;;1201.0;;;;;0.0;0.0;8.0;NAO
7012691;2806207012691;28;280620;13107453000163.0;PREFEITURA MUN DE SALGADO;UNIDADE BASICA DE SAUDE LOURISVAL DOS SANTOS;;;M;;;M ;MUNICIPAL;4;1;49390000;POVOADO QUEBRADAS 1;S/N;RURAL;;;;3.0;ATENDIMENTOS NOS TURNOS DA MANHA E A TARDE;;SALGADOSAUDE@YAHOO.COM.BR;1000.0;0.0;0.0;0.0;0.0;1.0;0.0;8.0;NAO
7016344;2805307016344;28;280530;13128798001680.0;SECRETARIA DE ESTADO DA SAUDE DE SERGIPE;SAMU 192 USB PIRAMBU;;;E;;;E ;ESTADUAL;4;42;49190000;RUA DEPUTADO GERONIMO;265;CENTRO;79 32128400;;;6.0;ATENDIMENTO CONTINUO DE 24 HORAS/DIA (PLANTAO:INCLUI SABADOS, DOMINGOS E FERIADOS);;samu192@fhs.saude.se.gov.br;1236.0;;;;;1.0;0.0;11.0;NAO
7122195;2805707122195;28;280570;;CENTRO DIAGNOSTICO CONSULTAS E LABORATORIO LTDA EPP;CENTRO DIAGNOSTICO ALTO SERTAO;;;M;;;M ;MUNICIPAL;4;36;49900000;RUA DR COSTA FILHO;101;CENTRO;;;;3.0;ATENDIMENTOS NOS TURNOS DA MANHA E A TARDE;6232345000319.0;ceicaalencar@hotmail.com;2305.0;0.0;0.0;0.0;0.0;0.0;0.0;4.0;SIM
7151675;2800407151675;28;280040;32836934000154.0;KLECIUS MONTEIRO DA CRUZ LIMA CIA LTDA;CLINICA KLECIUS MONTEIRO;;;M;;;M ;MUNICIPAL;4;39;49220000;PRACA PROFESSORA DIVA;S/N;CENTRO;;;;3.0;ATENDIMENTOS NOS TURNOS DA MANHA E A TARDE;;;2062.0;;;;;0.0;0.0;4.0;SIM
7209274;2800307209274;28;280030;;AMANDA CAROLINE SILVA SANTOS BESSA;AMANDA CAROLINE SILVA SANTOS BESSA;;;M;;;M ;MUNICIPAL;4;22;49085260;AV MINISTRO GERALDO BARRETO SOBRAL;2131;JARDINS;;;;3.0;ATENDIMENTOS NOS TURNOS DA MANHA E A TARDE;;;4000.0;0.0;0.0;0.0;0.0;0.0;0.0;7.0;NAO
7232934;2805307232934;28;280530;13095039000181.0;PREFEITURA MUNICIPAL DE PIRAMBU;POSTO DE SAUDE POVOADO SANTA ISABEL;;;M;;;M ;MUNICIPAL;4;1;49190000;POVOADO SANTA ISABEL;S/N;POVOADO;;;;3.0;ATENDIMENTOS NOS TURNOS DA MANHA E A TARDE;;;1031.0;0.0;0.0;0.0;0.0;1.0;0.0;4.0;NAO
7248601;2800307248601;28;280030;;ANNA KARINA SILVA SANTOS;ANNA KARINA SILVA SANTOS;;;M;;;M ;MUNICIPAL;4;22;49026010;AV MINISTRO GERALDO BARRETO SOBRAL;2131;JARDINS;;;;3.0;ATENDIMENTOS NOS TURNOS DA MANHA E A TARDE;;;4000.0;0.0;0.0;0.0;0.0;0.0;0.0;3.0;NAO
7285388;2804407285388;28;280440;;AISSA MEDEIROS FREIRE ME;FISIOCLIN;;;M;;;M ;MUNICIPAL;4;36;49980000;RUA BATISTA GOMES;93;CENTRO;;;;3.0;ATENDIMENTOS NOS TURNOS DA MANHA E A TARDE;18413137000133.0;AISSAMF@HOTMAIL.COM;2135.0;0.0;0.0;0.0;0.0;1.0;0.0;3.0;NAO
7302975;2802107302975;28;280210;13128798001680.0;SECRETARIA DE ESTADO DA SAUDE DE SERGIPE;SAMU 192 USB ESTANCIA II;;;E;;;E ;ESTADUAL;4;42;49200000;R ANTONIO REIS;402;ALAGOAS;;;;6.0;ATENDIMENTO CONTINUO DE 24 HORAS/DIA (PLANTAO:INCLUI SABADOS, DOMINGOS E FERIADOS);;samu192@fhs.saude.se.gov.br;1236.0;;;;;0.0;0.0;4.0;NAO
7393482;2807407393482;28;280740;13119300000136.0;PREFEITURA MUNICIPAL DE TOBIAS BARRETO;PRATIQUE SAUDE MONTE COELHO;;;M;;;M ;MUNICIPAL;4;74;49300000;PRACA JOAO VALERIANO DOS SANTOS;S/N;ZONA RURAL;7935411301;;;3.0;ATENDIMENTOS NOS TURNOS DA MANHA E A TARDE;;smstbse@gmail.com;1244.0;;;;;1.0;0.0;8.0;NAO
7393504;2807407393504;28;280740;13119300000136.0;PREFEITURA MUNICIPAL DE TOBIAS BARRETO;PRATIQUE SAUDE JABEBERI;;;M;;;M ;MUNICIPAL;4;74;49300000;PRACA SAO VICENTE;S/N;ZONA RURAL;7935411301;;;3.0;ATENDIMENTOS NOS TURNOS DA MANHA E A TARDE;;smstb@gmail.com;1244.0;;;;;1.0;0.0;8.0;NAO
7425821;2802107425821;28;280210;;JACIARA SOUZA DO NASCIMENTO ME;JACIARA SOUZA DO NASCIMENTO;;;M;;;M ;MUNICIPAL;4;22;49200000;GETULIO VARGAS;468;CENTRO;79 96061451;;;3.0;ATENDIMENTOS NOS TURNOS DA MANHA E A TARDE;18824561000170.0;prosperecontabilidade@hotmail.com;2135.0;0.0;0.0;0.0;0.0;0.0;0.0;10.0;NAO
7436548;2804607436548;28;280460;;DEBORA NASCIMENTO DE SENA E SILVA BISPO;CONSULTORIO DR DEBORA SENA;;;M;;;M ;MUNICIPAL;4;22;49600000;RUA BENJAMIN CONSTANT;120;CENTRO;7999899135;;;3.0;ATENDIMENTOS NOS TURNOS DA MANHA E A TARDE;;deborasenabispo@outlook.com;4000.0;0.0;0.0;0.0;0.0;0.0;0.0;4.0;NAO
7439024;2802207439024;28;280220;13112511000147.0;PREFEITURA MUNICIPAL DE FEIRA NOVA;POSTO DO POVOADO CABOJE;;;M;;;M ;MUNICIPAL;4;1;49670000;POVOADO CABOJE;S/N;ZONA RURAL;;;;3.0;ATENDIMENTOS NOS TURNOS DA MANHA E A TARDE;;;1031.0;0.0;0.0;0.0;0.0;1.0;0.0;4.0;NAO
7462913;2804107462913;28;280410;;MOITACLIN DIAGNOSTICOS LTDA ME;MOITACLINDIAGNOSTICOS;;;M;;;M ;MUNICIPAL;4;39;49560000;RUA NOSSA SENHORA DAS DORES;114;CENTRO;79-3453-1322;;;3.0;ATENDIMENTOS NOS TURNOS DA MANHA E A TARDE;19248480000132.0;moitaclin@hotmail.com;2062.0;;;;;0.0;0.0;4.0;NAO
7580142;2800307580142;28;280030;;ABREU SALES EMPREENDIMENTOS MEDICOS LTDA EPP;MAIS VIDA;;;M;;;M ;MUNICIPAL;4;22;49020285;RUA MOACIR RABELO LEITE;81;13 DE JULHO;;;;3.0;ATENDIMENTOS NOS TURNOS DA MANHA E A TARDE;18596615000198.0;maisvida@gmail.com;2062.0;0.0;0.0;0.0;0.0;0.0;0.0;10.0;NAO
7645899;2804807645899;28;280480;;AMA ODONTOLOGIA LTDA ME;CLIVIDA ODONTOLOGIA;;;M;;;M ;MUNICIPAL;4;22;49160000;AVENIDA COLETORA A;S/N;MARCOS FREIRE I;;;;4.0;ATENDIMENTO NOS TURNOS DA MANHA, TARDE E NOITE;19968907000177.0;;2062.0;0.0;0.0;0.0;0.0;0.0;0.0;11.0;NAO
7658052;2800307658052;28;280030;;SURYA ANANDA COSTA ESCOBAR;SURYA ANANDA COSTA ESCOBAR;;;M;;;M ;MUNICIPAL;4;22;49015150;RUA ZAQUE BRANDAO;250;SAO JOSE;;;;3.0;ATENDIMENTOS NOS TURNOS DA MANHA E A TARDE;;;4000.0;0.0;0.0;0.0;0.0;0.0;0.0;10.0;NAO
7658958;2802907658958;28;280290;;DIANA OLIVEIRA MENDONCA ME;CONSULTORIO MEDICO DOUTORA DIANA MENDONCA;;;M;;;M ;MUNICIPAL;4;22;49504352;RUA SAO PAULO ITABAIANA;46;CENTRO;7934313454;;;1.0;ATENDIMENTO SOMENTE PELA MANHA;21558339000188.0;;2135.0;0.0;0.0;0.0;0.0;0.0;0.0;4.0;NAO
7703724;2802107703724;28;280210;;RECOMECAR CENTRO TERAPEUTICO LTDA;RECOMECAR CENTRO TERAPEUTICO;;;M;;;M ;MUNICIPAL;4;36;49200000;B LOT PRAIA DAS DUNAS;S/N;ZONA RURAL;79 96399891;;;4.0;ATENDIMENTO NOS TURNOS DA MANHA, TARDE E NOITE;20181441000144.0;contato@ctrecomecar.com.br;2062.0;0.0;0.0;0.0;0.0;0.0;0.0;4.0;NAO
7742541;2800307742541;28;280030;;DANDELION;DANDELION CLINICA LTDA ME;;;M;;;M ;MUNICIPAL;4;22;49015150;AV MINISTRO GERALDO BARETO SOBRAL;2131;JARDINS;7932491325;;;3.0;ATENDIMENTOS NOS TURNOS DA MANHA E A TARDE;19542111000158.0;;2062.0;0.0;0.0;0.0;0.0;0.0;0.0;4.0;NAO
7745966;2801407745966;28;280140;;EPAMINONDAS SOARES SILVA;OPTCLIN;;;M;;;M ;MUNICIPAL;4;22;49550000;PRACA OLIMPIO RABELO DE MORAIS;135;CENTRO;7981582582;;;5.0;ATENDIMENTO COM TURNOS INTERMITENTES;;;4000.0;0.0;0.0;0.0;0.0;0.0;0.0;4.0;NAO
7756054;2800307756054;28;280030;;FABRICIO SANTOS DE OLIVEIRA;FABRICIO SANTOS DE OLIVEIRA;;;M;;;M ;MUNICIPAL;4;22;49020160;RUA PERICLES MUNIZ BARRETO;203;SALGADO FILHO;7932465544;;;3.0;ATENDIMENTOS NOS TURNOS DA MANHA E A TARDE;;;4000.0;0.0;0.0;0.0;0.0;0.0;0.0;8.0;NAO
7830459;2803207830459;28;280320;;CONSUMED CONSULTORIO MEDICO LTDA;CONSUMED CONSULTORIO MEDICO;;;M;;;M ;MUNICIPAL;4;36;49120000;AVENIDA GOVERNADOR LOURIVAL BATISTA;201;CENTRO;;;;1.0;ATENDIMENTO SOMENTE PELA MANHA;17165585000100.0;;2062.0;0.0;0.0;0.0;0.0;0.0;0.0;4.0;NAO
7842473;2800307842473;28;280030;;HEMATO SERVICOS DE HEMOTERAPIA LTDA;HEMATO SERVICOS DE HEMOTERAPIA LTDA;;;E;;;E ;ESTADUAL;4;69;49026010;AV MINISTRO GERALDO BARRETO SOBRAL;2277;JARDINS;;;;6.0;ATENDIMENTO CONTINUO DE 24 HORAS/DIA (PLANTAO:INCLUI SABADOS, DOMINGOS E FERIADOS);13894995000204.0;geydson.aracaju@grupogsh.com;2062.0;0.0;0.0;0.0;0.0;1.0;0.0;10.0;NAO
7871848;2800307871848;28;280030;;LIVIA CUNHA COELHO;LIVIA CUNHA COELHO;;;M;;;M ;MUNICIPAL;4;22;49015150;RUA ARAUA;788;SAO JOSE;;;;2.0;ATENDIMENTO SOMENTE A TARDE;;;4000.0;0.0;0.0;0.0;0.0;0.0;0.0;10.0;NAO
8016275;2807408016275;28;280740;13119300000136.0;PREFEITURA MUNICIPAL DE TOBIAS BARRETO;CONSULTORIO ODONTOLOGICO COLEGIO ESTADUAL TOBIAS BARRETO;;;M;;;M ;MUNICIPAL;4;22;49300000;AV GETULIO VARGAS;S/N;CENTRO;(79)5411220;;;3.0;ATENDIMENTOS NOS TURNOS DA MANHA E A TARDE;;smstb@ig.com.br;1031.0;0.0;0.0;0.0;0.0;0.0;0.0;8.0;NAO
9110178;2800309110178;28;280030;13128798001680.0;SECRETARIA DE ESTADO DA SAUDE DE SERGIPE;SAMU 192 MOTOLANCIA V;;;E;;;E ;ESTADUAL;4;42;49015200;TRAVESSA JUCA BARRETO;177;SAO JOSE;;;;6.0;ATENDIMENTO CONTINUO DE 24 HORAS/DIA (PLANTAO:INCLUI SABADOS, DOMINGOS E FERIADOS);;;1236.0;;;;;0.0;0.0;4.0;NAO
9111115;2800309111115;28;280030;13128798001680.0;SECRETARIA DE ESTADO DA SAUDE;SAMU 192 MOTOLANCIA VI;;;E;;;E ;ESTADUAL;4;42;49015200;TRAVESSA JUCA BARRETO;177;SAO JOSE;;;;6.0;ATENDIMENTO CONTINUO DE 24 HORAS/DIA (PLANTAO:INCLUI SABADOS, DOMINGOS E FERIADOS);;;1236.0;;;;;0.0;0.0;4.0;NAO
9111123;2800309111123;28;280030;13128798001680.0;SECRETARIA DE ESTADO DA SAUDE;SAMU 192 MOTOLANCIA VII;;;E;;;E ;ESTADUAL;4;42;49015200;TRAVESSA JUCA BARRETO;177;SAO JOSE;;;;6.0;ATENDIMENTO CONTINUO DE 24 HORAS/DIA (PLANTAO:INCLUI SABADOS, DOMINGOS E FERIADOS);;;1236.0;;;;;0.0;0.0;4.0;NAO
9157743;2800309157743;28;280030;;LACTEC LABORATORIO DE ANALISES CLINICAS E TECNOLOGIA LTDA;SANGUE BOM DIAGNOSTICOS;;;M;;;M ;MUNICIPAL;4;36;49075490;PORTO ALEGRE;122;SIQUEIRA CAMPOS;79 99998765;;;3.0;ATENDIMENTOS NOS TURNOS DA MANHA E A TARDE;19248480000132.0;rccontabilidadeaju@hotmail.com;2062.0;0.0;0.0;0.0;0.0;0.0;0.0;8.0;NAO
9166580;2805509166580;28;280550;;ODONTOLIMA CLINICA ODONTOLOGICA LTDA ME;ODONTOLIMA;;;M;;;M ;MUNICIPAL;4;39;49490000;AVENIDA CAPITAO JOSE NARCISO;81;CENTRO;;;;3.0;ATENDIMENTOS NOS TURNOS DA MANHA E A TARDE;22106331000143.0;;2062.0;0.0;0.0;0.0;0.0;1.0;0.0;4.0;SIM
9225927;2803009225927;28;280300;;JOAO ARAUJO NASCIMENTO NETO;CLINICA ODONTOLOGICA DILMA VILA NOVA;;;M;;;M ;MUNICIPAL;4;22;49290000;RUA GENESIO DE GOES;155;CENTRO;;;;3.0;ATENDIMENTOS NOS TURNOS DA MANHA E A TARDE;;;4000.0;0.0;0.0;0.0;0.0;0.0;0.0;4.0;NAO
9250476;2807109250476;28;280710;13108089000156.0;PREFEITURA MUN DE SIMAO DIAS;USF JOAO SILVEIRA DEDA NETO QUILOMBOLA POVOADO SITIO ALTO;;;M;;;M ;MUNICIPAL;4;2;49480000;POVOADO SITIO ALTO;S/N;ZONA RURAL;;;;3.0;ATENDIMENTOS NOS TURNOS DA MANHA E A TARDE;;;1244.0;0.0;0.0;0.0;0.0;1.0;0.0;4.0;NAO
9250506;2807109250506;28;280710;13108089000156.0;PREFEITURA MUN DE SIMAO DIAS;USF JOSE PEREIRA DOS SANTOS POVOADO SALOBRA;;;M;;;M ;MUNICIPAL;4;2;49480000;POVOADO SALOUBRA;S/N;ZONA RURAL;;;;3.0;ATENDIMENTOS NOS TURNOS DA MANHA E A TARDE;;;1244.0;0.0;0.0;0.0;0.0;1.0;0.0;4.0;NAO
9331085;2807109331085;28;280710;13108089000156.0;MUNICIPIO DE SIMAO DIAS;USF PEDRO DOMINGOS DE SANTANA POVOADO BRINQUINHO;;;M;;;M ;MUNICIPAL;4;2;49480000;POVOADO BRINQUINHO;S/N;ZONA RURAL;;;;3.0;ATENDIMENTOS NOS TURNOS DA MANHA E A TARDE;;;1244.0;0.0;0.0;0.0;0.0;0.0;0.0;4.0;NAO
9349286;2800309349286;28;280030;;NARJARA OLIVEIRA BEZERRA;NARJARA OLIVEIRA BEZERRA;;;M;;;M ;MUNICIPAL;4;22;49015150;AV ALTAMIRA;31;INDUSTRIL;;;;3.0;ATENDIMENTOS NOS TURNOS DA MANHA E A TARDE;;;4000.0;0.0;0.0;0.0;0.0;0.0;0.0;10.0;NAO
9431128;2800309431128;28;280030;;ANDRADE E DUARTE LTDA ME;SORRIMAGEM;;;M;;;M ;MUNICIPAL;4;36;49015400;CORONEL STANLEY FERNANDES DA SILVEIRA;275;SAO JOSE;79 32271577;;;3.0;ATENDIMENTOS NOS TURNOS DA MANHA E A TARDE;9121380000278.0;luizboscopina@hotmail.com;2062.0;0.0;0.0;0.0;0.0;0.0;0.0;4.0;NAO
9510966;2805809510966;28;280580;;LIZIANE ANDRADE SANTOS ME;POSTO DE COLETA LYNIMED MATRIZ;;;M;;;M ;MUNICIPAL;4;39;49320000;RUA NOSSA SENHORA DE FATIMA;137;ZONA RURAL;793612055;;;1.0;ATENDIMENTO SOMENTE PELA MANHA;26763976000100.0;lynimed@gmail.com;2135.0;0.0;0.0;0.0;0.0;0.0;0.0;10.0;SIM
9510990;2805809510990;28;280580;;LIZIANE ANDRADE SANTOS ME;POSTO DE COLETA LYNIMED FILIAL;;;M;;;M ;MUNICIPAL;4;39;49320000;PRACA EPIFANIO GOES;171;CENTRO;79 99719990;;;3.0;ATENDIMENTOS NOS TURNOS DA MANHA E A TARDE;26763976000290.0;lynimed@gmail.com;2135.0;0.0;0.0;0.0;0.0;0.0;0.0;10.0;SIM
9554408;2805509554408;28;280550;;SILVANILDO DE JESUS FARIAS;CENTRO MEDICO PRO SAUDE;;;M;;;M ;MUNICIPAL;4;39;49490970;AVENIDA SIMAO DIAS;331;FAZENDINHA;79996878651;;;3.0;ATENDIMENTOS NOS TURNOS DA MANHA E A TARDE;29749123000101.0;centroprosaude@gmail.com;2135.0;0.0;0.0;0.0;0.0;0.0;0.0;8.0;NAO
9588809;2805509588809;28;280550;;ELISSON CARDOSO SA BARRETO DE FREITAS;EMED EXAMES MEDICOS LABORATORIAIS;;;M;;;M ;MUNICIPAL;4;39;49490970;AV EPIFANIO DORIA;267;CENTRO;75997007377;;;3.0;ATENDIMENTOS NOS TURNOS DA MANHA E A TARDE;29891238000136.0;;2135.0;0.0;0.0;0.0;0.0;1.0;0.0;8.0;SIM
